-- phpMyAdmin SQL Dump
-- version 5.0.1
-- https://www.phpmyadmin.net/
--
-- Host: 127.0.0.1
-- Generation Time: Mar 12, 2020 at 12:31 PM
-- Server version: 10.4.11-MariaDB
-- PHP Version: 7.3.14

SET SQL_MODE = "NO_AUTO_VALUE_ON_ZERO";
SET AUTOCOMMIT = 0;
START TRANSACTION;
SET time_zone = "+00:00";


/*!40101 SET @OLD_CHARACTER_SET_CLIENT=@@CHARACTER_SET_CLIENT */;
/*!40101 SET @OLD_CHARACTER_SET_RESULTS=@@CHARACTER_SET_RESULTS */;
/*!40101 SET @OLD_COLLATION_CONNECTION=@@COLLATION_CONNECTION */;
/*!40101 SET NAMES utf8mb4 */;

--
-- Database: `visits_bni`
--

-- --------------------------------------------------------

--
-- Table structure for table `chapter_dates`
--

CREATE TABLE `chapter_dates` (
  `cahpter_date_id` int(11) NOT NULL,
  `cahpter_date` date NOT NULL,
  `cahpter_id` int(11) NOT NULL
) ENGINE=InnoDB DEFAULT CHARSET=latin1;

--
-- Dumping data for table `chapter_dates`
--

INSERT INTO `chapter_dates` (`cahpter_date_id`, `cahpter_date`, `cahpter_id`) VALUES
(3564, '2020-03-17', 5),
(3565, '2020-03-24', 5);

-- --------------------------------------------------------

--
-- Table structure for table `tbl_categories`
--

CREATE TABLE `tbl_categories` (
  `cat_id` int(11) NOT NULL,
  `cat_code` varchar(10) NOT NULL,
  `cat_name` varchar(512) NOT NULL
) ENGINE=InnoDB DEFAULT CHARSET=latin1;

--
-- Dumping data for table `tbl_categories`
--

INSERT INTO `tbl_categories` (`cat_id`, `cat_code`, `cat_name`) VALUES
(1, '', 'Executive Recruitment'),
(2, '', 'Legal Services - Commercial/Business'),
(3, '', 'Social Media Services'),
(4, '', 'Education Consulting'),
(5, '', 'Copywriter & Writing Services'),
(6, '', 'Architect Design - Exteriors'),
(7, '', 'Performance Coaching & Training'),
(8, '', 'Real Estate Investments (Outside of the UAE)'),
(9, '', 'Yachts & Water Sports'),
(10, '', 'Telecommunications Services'),
(11, '', 'Loyalty Programs'),
(12, '', 'Caterer'),
(13, '', 'Homeopathy'),
(14, '', 'Personalized Tailoring'),
(15, '', 'Facilities Management'),
(16, '', 'Photography - Corporate Events, Wedding Etc'),
(17, '', 'Media Planning & Buying'),
(18, '', 'Communication Coaching & Training'),
(19, '', 'Life Coach'),
(20, '', 'Taxation'),
(21, '', 'Chiropractor'),
(22, '', 'Furniture Sales Commercial & Office'),
(23, '', 'Furniture Sales Residential'),
(24, '', 'Advertising Specialties-Promotional Products'),
(25, '', 'Mapping Solutions'),
(26, '', 'Property Maintenance'),
(27, '', 'Hospitality Interior Design'),
(28, '', 'Organic Juices'),
(29, '', 'Massage Therapist'),
(30, '', 'Management Consulting'),
(31, '', 'Family Medical Centre'),
(32, '', 'Relationship Marketing Coach'),
(33, '', 'Cakes & Pastries'),
(34, '', 'Entertainment Services - Other'),
(35, '', 'Photography Products'),
(36, '', 'Event Production'),
(37, '', 'Photography - Family & Personal'),
(38, '', 'Commercial Kitchens'),
(39, '', 'Exhibitions, Conference & Seminar Organiser'),
(40, '', 'Large Format Printing'),
(41, '', 'Jewelry-Fashion'),
(42, '', 'Public Relations'),
(43, '', '3D Printing'),
(44, '', 'Property Management'),
(45, '', 'Automotive Sales - Cars'),
(46, '', 'Real Estate Development'),
(47, '', 'Will Writing Services'),
(48, '', 'Corporate Financial Advisors'),
(49, '', 'Legal Translation Services'),
(50, '', 'Serviced Offices & Business Centre'),
(51, '', 'Citizenship Consultant'),
(52, '', 'Z01'),
(53, '', 'Vehicle Customization Specialist'),
(54, '', 'Cleaning-Air Ducts'),
(55, '', 'Small Business Lending'),
(56, '', 'Call Centre'),
(57, '', 'Cleaning-Carpets-Floors-Upholstery'),
(58, '', 'Sports Activities - Football'),
(59, '', 'Health and Safety Consulting'),
(60, '', 'Neurologist'),
(61, '', 'Flower Wholesaler'),
(62, '', 'Energy Management Services'),
(63, '', 'Cleaning-Maintenance'),
(64, '', 'Vegan Products and Produce'),
(65, '', 'Market Research'),
(66, '', 'Ophthalmologist'),
(67, '', 'Baker'),
(68, '', 'Construction Law'),
(69, '', 'Dry Cleaning'),
(70, '', 'Telephony Systems & Networks'),
(71, '', 'Linens'),
(72, '', 'Marketing Consultancy'),
(73, '', 'Sports Medical Centre'),
(74, '', 'Butcher'),
(75, '', 'Mattress & Bedding Accessories'),
(76, '', 'Janitorial-Commercial Cleaning'),
(77, '', 'Wireless Service'),
(78, '', 'Osteopath'),
(79, '', 'Customer Engage Management'),
(80, '', 'Laundry'),
(81, '', 'Developer'),
(82, '', 'Audio Production'),
(83, '', 'Chef'),
(84, '', 'Mold Inspection-Removal'),
(85, '', 'Outdoor Media Solutions'),
(86, '', 'Drinking Water Supplier'),
(87, '', 'Fresh Fruit & Veg Supplier'),
(88, '', 'Maid Services'),
(89, '', 'Z23'),
(90, '', 'Interactive Media'),
(91, '', 'Publicist'),
(92, '', 'Food Services & Distributors'),
(93, '', 'Stem Cells Bank'),
(94, '', 'Restoration-Cleaning'),
(95, '', 'Sound Proofing & Acoustics'),
(96, '', 'Radio Station'),
(97, '', 'Relocation'),
(98, '', 'Restaurant'),
(99, '', 'Processed Food'),
(100, '', 'Window Cleaning'),
(101, '', 'Scaffolding'),
(102, '', 'Publishing'),
(103, '', 'Skydiving'),
(104, '', 'Vending Machines'),
(105, '', 'Business Coaching & Training'),
(106, '', 'MEP Contractor'),
(107, '', 'Satellite-Cable'),
(108, '', 'Theme Parks'),
(109, '', 'Wine & Liquor Importer / Merchant'),
(110, '', 'Career Coach'),
(111, '', 'Construction Project Management'),
(112, '', 'Accounting & Financial Management Software'),
(113, '', 'Television Station'),
(114, '', 'Water Sports'),
(115, '', 'Salt and Spices Trading'),
(116, '', 'Content Consultant'),
(117, '', 'Electrician'),
(118, '', 'Z01'),
(119, '', 'Acupuncture'),
(120, '', 'Children\'s Wear & Baby Products'),
(121, '', 'Domestic Gas LPG'),
(122, '', 'Point of Sale Systems'),
(123, '', 'Leadership development'),
(124, '', 'Excavation'),
(125, '', 'Z02'),
(126, '', 'Alternative Medicine'),
(127, '', 'Kitchen Products'),
(128, '', 'Funeral Planning-Services'),
(129, '', 'Z26'),
(130, '', 'Z12'),
(131, '', 'Sports Activities - General'),
(132, '', 'Furniture Repair-Restoration'),
(133, '', 'Commodities Broker'),
(134, '', 'Sales Coaching & Training'),
(135, '', 'General Contractor'),
(136, '', 'Administrative Services'),
(137, '', 'Children\'s Medical Centre'),
(138, '', 'Sports Activities - Golf'),
(139, '', 'Brand Activation Agency'),
(140, '', 'Antiques-Collectibles'),
(141, '', 'Handyman'),
(142, '', 'Personal Assistant'),
(143, '', 'Optician'),
(144, '', 'Sports Activities - Rugby'),
(145, '', 'Obstetrics & Gynaecology'),
(146, '', 'Collections of Coins, Stamps, etc'),
(147, '', 'Heating, Ventilation & Air Conditioning-HVAC'),
(148, '', 'Virtual Assistant'),
(149, '', 'Dermatologist'),
(150, '', 'Sports Activities - Swimming'),
(151, '', 'Upholstery Repair-Restoration'),
(152, '', 'Pet Relocation'),
(153, '', 'Content Preservation'),
(154, '', 'Z16'),
(155, '', 'Advertising Agency'),
(156, '', 'ENT Consultant'),
(157, '', 'Sports Activities - Tennis'),
(158, '', 'Awards-Trophies'),
(159, '', 'Electronics'),
(160, '', 'Photo Albums'),
(161, '', 'Painting Services'),
(162, '', 'Medical Labs'),
(163, '', 'Packaging Design'),
(164, '', 'Candles'),
(165, '', 'Consumer Electrical & IT Gadgets'),
(166, '', 'Scrapbooks'),
(167, '', 'Z17'),
(168, '', 'Digital Signage'),
(169, '', 'Medical Supplies'),
(170, '', 'Steel Fabrication'),
(171, '', 'Gift Baskets'),
(172, '', 'Domestic Appliance Sales'),
(173, '', 'Computer Consumables'),
(174, '', 'Z18'),
(175, '', 'Directory Services'),
(176, '', 'Naturopathic Medicine'),
(177, '', 'Tissue Manufacturing'),
(178, '', 'Soaps'),
(179, '', 'Residential Interior Design & Furniture'),
(180, '', 'Computer Databases'),
(181, '', 'Plumbing Services'),
(182, '', 'Point of Sale Products'),
(183, '', 'Traditional Chinese Medicine'),
(184, '', 'Luxury Prayer Products'),
(185, '', 'Online Gift Registry'),
(186, '', 'Glass Tinting'),
(187, '', 'Barcode Solutions'),
(188, '', 'Z19'),
(189, '', 'Pharmacist'),
(190, '', 'Oil & Gas Equipment'),
(191, '', 'Greeting Cards'),
(192, '', 'Library Services'),
(193, '', 'Building Automation & Controls'),
(194, '', 'Z20'),
(195, '', 'Advertising Network'),
(196, '', 'Physiotherapist'),
(197, '', 'Commercial Weights & Scales'),
(198, '', 'Experiences'),
(199, '', 'Stationery Supplies'),
(200, '', 'Computer Software Sales & Development'),
(201, '', 'Print Advertising'),
(202, '', 'General Physician'),
(203, '', 'Animal Feeds'),
(204, '', 'Flow Arts'),
(205, '', 'Counter Tops'),
(206, '', 'Computer Security Solutions'),
(207, '', 'Z21'),
(208, '', 'Agricultural'),
(209, '', 'Podiatrist'),
(210, '', 'Fuels'),
(211, '', 'Graphic Design'),
(212, '', 'Doors'),
(213, '', 'Computers, Hardware & Accessories - Repair'),
(214, '', 'Z22'),
(215, '', 'Animal Products'),
(216, '', 'Psychiatrist'),
(217, '', 'Coconut Health Products'),
(218, '', 'Air Purification'),
(219, '', 'Electrical Supplies'),
(220, '', 'Email Services'),
(221, '', 'Z24'),
(222, '', 'Animal Services'),
(223, '', 'Psychotherapy'),
(224, '', 'Food Inspection & Laboratory Testing'),
(225, '', 'Aroma Therapist'),
(226, '', 'Elevators'),
(227, '', 'Z1'),
(228, '', 'Z25'),
(229, '', 'Pet Care'),
(230, '', 'Aluminium Extrusions & Coils'),
(231, '', 'Craniosacral Therapy'),
(232, '', 'Light Fittings'),
(233, '', 'Internet Service Provider'),
(234, '', 'Z27'),
(235, '', 'Veterinarian'),
(236, '', 'Concrete'),
(237, '', 'LED Lighting'),
(238, '', 'Ergonomic Consultancy'),
(239, '', 'Roofing'),
(240, '', 'Smartcard Technology'),
(241, '', 'Z28'),
(242, '', 'Apparel Accessories'),
(243, '', 'Fences-Decks'),
(244, '', 'Load and Force Monitoring Solutions'),
(245, '', 'Ayurvedic Treatments'),
(246, '', 'Cable Management Systems'),
(247, '', 'Web Hosting'),
(248, '', 'Z30'),
(249, '', 'Apparel Alterations'),
(250, '', 'Flooring: Carpet, Tile, Wood, etc'),
(251, '', 'Baking Products'),
(252, '', 'Stained Glass'),
(253, '', 'Web Application Development'),
(254, '', 'Z31'),
(255, '', 'Custom Apparel & Uniforms'),
(256, '', 'Marble & Granite Supplies'),
(257, '', 'Heat Control'),
(258, '', 'Nutritional Supplements'),
(259, '', 'Swimming Pools'),
(260, '', 'Business Franchise Consulting'),
(261, '', 'Mobile Elevating Work Platforms'),
(262, '', 'Formal Wear- Hire'),
(263, '', 'Sports Facilities Surfacing'),
(264, '', 'Food Delivery Portal'),
(265, '', 'Wellness Centre'),
(266, '', 'Windows'),
(267, '', 'Human Resources Consultancy'),
(268, '', 'Refrigeration Contractor'),
(269, '', 'Shoes'),
(270, '', 'Moving Company'),
(271, '', 'Frozen Foods'),
(272, '', 'Customized Insoles'),
(273, '', 'Babysitting & Nanny Services'),
(274, '', 'IT Training/Consulting'),
(275, '', 'Material Handling Systems'),
(276, '', 'Abayas'),
(277, '', 'Storage Containers'),
(278, '', 'Cleaning Equipment Supplier'),
(279, '', 'Meditation'),
(280, '', 'Costume Hire'),
(281, '', 'Energy Consulting'),
(282, '', 'Aircraft'),
(283, '', 'Esthetician-Salon/Spa based'),
(284, '', 'Storage Facility'),
(285, '', 'Teaching Aids'),
(286, '', 'Hypnotist'),
(287, '', 'Computer Software Training'),
(288, '', 'Environmental Consultant'),
(289, '', 'Chauffeur Services'),
(290, '', 'Appearance Products-Branded'),
(291, '', 'Chamber of Commerce'),
(292, '', 'Bridalwear'),
(293, '', 'Magnetic Products'),
(294, '', 'Computer Training'),
(295, '', 'Quality Assurance'),
(296, '', 'Commercial Transportation'),
(297, '', 'Appearance Services'),
(298, '', 'Charitable-Fundraising Organization'),
(299, '', 'Ship Spare Parts'),
(300, '', 'Driving Instructor/School'),
(301, '', 'Limousine Service'),
(302, '', 'Beauty Consultant'),
(303, '', 'Non-Profit Organization'),
(304, '', 'Weight Loss & Management Programme'),
(305, '', 'Intercultural Coaching & Training'),
(306, '', 'Customer Experience Consultant'),
(307, '', 'Taxi Service'),
(308, '', 'Hair Stylist'),
(309, '', 'Document Management Services'),
(310, '', 'Foreign Languages'),
(311, '', 'Nutrition'),
(312, '', 'Management Training'),
(313, '', 'Sales Training/Consulting'),
(314, '', 'Bulk Liquid Transportation'),
(315, '', 'Image Consulting'),
(316, '', 'Office Machines & Equipment'),
(317, '', 'Paediatrics'),
(318, '', 'Pregnancy Services-Birth Doula'),
(319, '', 'Relationship Coach'),
(320, '', 'Courier Delivery Service'),
(321, '', 'Aerial Tours'),
(322, '', 'Nails'),
(323, '', 'Office Products & Supplies'),
(324, '', 'Party Supplies'),
(325, '', 'Psychologist'),
(326, '', 'Soft Skills Learning & Development'),
(327, '', 'Private Tutoring'),
(328, '', 'Tour Guide, Operator'),
(329, '', 'Salon-Spa'),
(330, '', 'Managed Print Services (MPS)'),
(331, '', 'NRI Wealth Management'),
(332, '', 'Corporate Wellness'),
(333, '', 'Team Building'),
(334, '', 'Z03'),
(335, '', 'Travel Agent - Inbound'),
(336, '', 'Appliance Repair'),
(337, '', 'Document Shredding'),
(338, '', 'Gemstone Consultancy'),
(339, '', 'Water Purification'),
(340, '', 'Career Counsellors'),
(341, '', 'Fitness Gym'),
(342, '', 'Wedding Planner'),
(343, '', 'Commercial Appliance Sales'),
(344, '', 'Organizing Professional'),
(345, '', 'Drones'),
(346, '', 'Hardware Supplies'),
(347, '', 'College & University'),
(348, '', 'Talent Management Solutions'),
(349, '', 'Online Wedding Portal'),
(350, '', 'Disposable Plasticware'),
(351, '', 'Organizing Products'),
(352, '', 'Ceiling and Wall Cladding'),
(353, '', 'Succession Planning'),
(354, '', 'Culinary School'),
(355, '', 'Manpower Recruitment'),
(356, '', 'Appearance Products-Mass/Lifestyle'),
(357, '', 'Envelopes'),
(358, '', 'Concierge'),
(359, '', 'Articial Flowers'),
(360, '', 'Insurance Claims Assistance'),
(361, '', 'Institutes'),
(362, '', 'Online Recruitment'),
(363, '', 'Architect - Urban Planning & Construction'),
(364, '', 'Counseling Services'),
(365, '', 'Children\'s Activity Centre'),
(366, '', 'Insurance Loss Adjuster'),
(367, '', 'Nursery & Kindergarten'),
(368, '', 'Payroll Services'),
(369, '', 'Unknown'),
(370, '', 'Family Counselor'),
(371, '', 'Household Items'),
(372, '', 'Z05'),
(373, '', 'On-line Tutoring'),
(374, '', 'Other'),
(375, '', 'Office Interior Design & Furniture'),
(376, '', 'Handicapped-Services or Supplies'),
(377, '', 'Automotive Performance Solutions'),
(378, '', 'Z06'),
(379, '', 'Schools'),
(380, '', 'Vocational Counseling'),
(381, '', 'Printing Products & Supplies'),
(382, '', 'Antiques'),
(383, '', 'Handwriting Analyst'),
(384, '', 'Z07'),
(385, '', 'Artist/Model Management'),
(386, '', 'Engineering'),
(387, '', 'Hotels - MICE'),
(388, '', 'Art & Craft Supplies'),
(389, '', 'Home Shopping'),
(390, '', 'Pipes & Fittings'),
(391, '', 'Z08'),
(392, '', 'Banqueting Supplies'),
(393, '', 'Surveyor'),
(394, '', 'Z14'),
(395, '', 'Art Gallery'),
(396, '', 'In-Home Medical Services'),
(397, '', 'Business Incubator'),
(398, '', 'Bedroom/Bath/Accessories'),
(399, '', 'Event Equipment Specialised Supplies & Rental'),
(400, '', 'DJ Services'),
(401, '', 'Art Restoration'),
(402, '', 'Voice Coach'),
(403, '', 'Fashion Designer'),
(404, '', 'Feng Shui'),
(405, '', 'Event Equipment General Supplies & Rental'),
(406, '', 'Entertainment Services - Music & Dance'),
(407, '', 'F&B Consultancy'),
(408, '', 'Art Sales'),
(409, '', 'Pest Control'),
(410, '', 'Outsourced Sales Solutions'),
(411, '', 'Home Furnishings'),
(412, '', 'Event Planning/Management - Concerts'),
(413, '', 'Artist'),
(414, '', 'Videography - Events'),
(415, '', 'HR Solutions'),
(416, '', 'Interior Decorating'),
(417, '', 'Event Planning/Management - Sports Events'),
(418, '', 'Magician'),
(419, '', 'NLP Coaching & Training'),
(420, '', 'Crafts'),
(421, '', 'Holiday Homes'),
(422, '', 'Luxury Interiors'),
(423, '', 'Musician'),
(424, '', 'Compliance & Risk Management'),
(425, '', 'Painter Artistic'),
(426, '', 'Proximity Marketing Technologies'),
(427, '', 'Shows'),
(428, '', 'Geopathic Consultant'),
(429, '', 'Picture Framing'),
(430, '', 'Data Printing Services'),
(431, '', 'Online Web Chat Support'),
(432, '', 'Wall Coverings'),
(433, '', 'Marquees'),
(434, '', 'Energy Management Products'),
(435, '', 'Hand Painted Fabric'),
(436, '', 'RV Rental'),
(437, '', 'Jeweler'),
(438, '', 'Sound/Lighting/Staging'),
(439, '', 'Junk Removal'),
(440, '', 'Medical Equipment Consulting'),
(441, '', 'Auction Real Estate'),
(442, '', 'Screen Printing'),
(443, '', 'Pickup Services'),
(444, '', 'SME Banking'),
(445, '', 'Solar Systems'),
(446, '', 'Meeting Facilities'),
(447, '', 'Auctions General'),
(448, '', 'Polymers'),
(449, '', 'Water & Irrigation Systems'),
(450, '', 'Stock Brokers'),
(451, '', 'Z04'),
(452, '', 'Wall Design'),
(453, '', 'Automotive Body Shop & Detailing'),
(454, '', 'Commercial Real Estate - Leasing'),
(455, '', 'Sports Equipment'),
(456, '', 'Landscape Design & Contracting'),
(457, '', 'Fitness Trainer'),
(458, '', 'Waste Disposal Services'),
(459, '', 'Linen Supplies'),
(460, '', 'Automotive Sales - Motorcycles'),
(461, '', 'Quantity Surveyor'),
(462, '', 'Landscape Maintenance'),
(463, '', 'Yoga'),
(464, '', 'Electronics Recycling'),
(465, '', 'Joinery'),
(466, '', 'Automotive Parts/Accessories'),
(467, '', 'Home Interior Staging'),
(468, '', 'E-Learning Solutions'),
(469, '', 'Landscape Products'),
(470, '', 'Carpets'),
(471, '', 'Water Filtration System'),
(472, '', 'Online Media Platform'),
(473, '', 'Car Rental & Leasing'),
(474, '', 'Instrumentation & Calibration Solutions'),
(475, '', 'Plant Nursery'),
(476, '', 'Curtains & Blinds'),
(477, '', 'Event Facilities'),
(478, '', 'Content Strategist'),
(479, '', 'Music Institute'),
(480, '', 'Landscape Supplies'),
(481, '', 'Outdoor & Garden Furniture'),
(482, '', 'Conference Facilities'),
(483, '', 'Aquariums'),
(484, '', 'Automotive Sales - Trucks'),
(485, '', 'Organic Foods & Produce'),
(486, '', 'Lawn Care'),
(487, '', 'Branded Fragrances & Toiletries'),
(488, '', 'Resorts- Leisure'),
(489, '', 'Strategic Planning'),
(490, '', 'Glass - Auto'),
(491, '', 'Property Valuation'),
(492, '', 'Textiles'),
(493, '', 'Indoor Plants & Maintenance'),
(494, '', 'Cosmetics'),
(495, '', 'Sports Facilities'),
(496, '', 'Intellectual Property Law'),
(497, '', 'Tires & Lubes'),
(498, '', 'Residential Real Estate - Leasing'),
(499, '', 'Industrial Cleaning Solutions'),
(500, '', 'Trees'),
(501, '', 'Hotel Equipment'),
(502, '', 'Asset & Fund Management'),
(503, '', 'Plastic & Cosmetic Surgery'),
(504, '', 'Truck Rental & Leasing'),
(505, '', 'Z13'),
(506, '', 'Ethinic Foods'),
(507, '', 'Language Services'),
(508, '', 'Hotel Supplies'),
(509, '', 'Retail Banking'),
(510, '', 'Z15'),
(511, '', 'BNI Professional'),
(512, '', 'Boats'),
(513, '', 'Car Shipping Specialist'),
(514, '', 'Paper Products'),
(515, '', 'Business Equipment Financing'),
(516, '', 'SMS Marketing'),
(517, '', 'Barter Exchange'),
(518, '', 'Ice Skating'),
(519, '', 'Health & Wellness Products'),
(520, '', 'Aviation Law'),
(521, '', 'Skincare Products'),
(522, '', 'Currency Exchange'),
(523, '', 'Online Travel Management Solution/Portal'),
(524, '', 'Book Store'),
(525, '', 'Skiing'),
(526, '', 'Rehabilitation Center'),
(527, '', 'Fire Protection'),
(528, '', 'Corporate Banking'),
(529, '', 'Image Consultant'),
(530, '', 'Business Advisor'),
(531, '', 'Locksmith'),
(532, '', 'Hair Care Products'),
(533, '', 'Legal Services - Family/Personal'),
(534, '', 'Lubricants'),
(535, '', 'Savoury Snacks'),
(536, '', 'Business Broker'),
(537, '', 'Security Guards'),
(538, '', 'Cold Storage Facility'),
(539, '', 'Glass'),
(540, '', 'Credit Cards Sales'),
(541, '', 'Gourmet Chocolates'),
(542, '', 'Local Business Partner'),
(543, '', 'Security Personnel'),
(544, '', 'Perfumery & Fragrances'),
(545, '', 'Shipping Law'),
(546, '', 'Lighting'),
(547, '', 'Credit Card, Merchant Services'),
(548, '', 'Ice Cream Supplier'),
(549, '', 'Business Incorporation Offshore'),
(550, '', 'Security Products & Systems'),
(551, '', 'Medical Tourism'),
(552, '', 'Investigation Services'),
(553, '', 'Packaging Material'),
(554, '', 'Credit Counselor'),
(555, '', 'Frozen and Chilled Processed Meats'),
(556, '', 'Sign Company'),
(557, '', 'Private Banking'),
(558, '', 'Z09'),
(559, '', 'Deal Websites'),
(560, '', 'Credit Services'),
(561, '', 'Processed Seafood'),
(562, '', 'Child Day Care'),
(563, '', 'Speaker Bureau'),
(564, '', 'Fibre Optic Cables'),
(565, '', 'Z10'),
(566, '', 'Direct Mail'),
(567, '', 'Commodity & Currency Trading'),
(568, '', 'Nuts, Seeds, Dried Fruits'),
(569, '', 'Children\'s Products'),
(570, '', 'Speaker'),
(571, '', 'Aluminium Glass Panels'),
(572, '', 'Z11'),
(573, '', 'E-Commerce'),
(574, '', 'Debt Collection Agency'),
(575, '', 'Tomato, Paste, Tomato Ketchup & Hot Sauces'),
(576, '', 'Children\'s Services'),
(577, '', 'Martial Arts'),
(578, '', 'Health Coach'),
(579, '', 'Mobile Application Design & Development'),
(580, '', 'E-Payment Gateways'),
(581, '', 'Cleaning Products'),
(582, '', 'Sporting Goods'),
(583, '', 'Property Conveyancing'),
(584, '', 'Vehicle Branding'),
(585, '', 'Personal Loans'),
(586, '', 'Recycling'),
(587, '', 'Sports Activities - Cricket'),
(588, '', 'Eco Friendly Products'),
(589, '', 'Protective Gear & Equipment'),
(590, '', 'Fertility Centres'),
(591, '', 'MIGRATION SERVICES'),
(592, '', 'General Insurance in UK'),
(593, '', 'Steel Fabrication'),
(594, '', 'Retail in Hospitality and F&B'),
(595, '', 'Emerging Technology'),
(596, '', 'Training Institute'),
(597, '', 'Sports Coaching Services'),
(598, '', 'Auto Workshop'),
(599, '', 'General Insurance '),
(600, '', 'Property Management Company'),
(601, '', 'Private Equity  '),
(602, '', 'Home Organising'),
(603, '', 'Health Insurance'),
(604, '', 'Freight Forwarder Association '),
(605, '', 'Construction Supplies '),
(606, '', 'ISO Consultant'),
(607, '', 'corporate gifts'),
(608, '', 'Foreign Exchange Solutions'),
(609, '', 'test cat 133333'),
(610, '', 'test cat 133333'),
(611, '', 'test cat 133333'),
(612, '', 'test cat 133333'),
(613, '', 'test cat 133333'),
(614, '', 'test cat 133333'),
(615, '', 'test cat 133333'),
(616, '', 'ssss');

-- --------------------------------------------------------

--
-- Table structure for table `tbl_categories_old`
--

CREATE TABLE `tbl_categories_old` (
  `cat_id` int(11) NOT NULL,
  `cat_code` varchar(10) NOT NULL,
  `cat_name` varchar(512) NOT NULL
) ENGINE=InnoDB DEFAULT CHARSET=latin1;

--
-- Dumping data for table `tbl_categories_old`
--

INSERT INTO `tbl_categories_old` (`cat_id`, `cat_code`, `cat_name`) VALUES
(1, 'A0101', 'Accounting & Financial Management Software'),
(2, 'A0201', 'Administrative Services'),
(3, 'A0301', 'Advertising Agency'),
(4, 'A0401', 'Agricultural'),
(5, 'A0501', 'Animal Products'),
(6, 'A0601', 'Appearance Products-Branded'),
(7, 'A0701', 'Appliance Repair'),
(8, 'A0801', 'Architect - Urban Planning & Construction'),
(9, 'A0901', 'Antiques'),
(10, 'A1001', 'Auction Real Estate'),
(11, 'A1101', 'Automotive Body Shop & Detailing'),
(12, 'B0101', 'Barter Exchange'),
(13, 'B0201', 'BNI Professional'),
(14, 'B0301', 'Book Store'),
(15, 'B0401', 'Construction Project Management'),
(16, 'B0501', 'Aluminium Extrusions & Coils'),
(17, 'B0601', 'Architectural Hardware'),
(18, 'B0701', 'Business Advisor'),
(19, 'C0101', 'Babysitting & Nanny Services'),
(20, 'C0201', 'Cleaning Products'),
(21, 'C0301', 'Abayas'),
(22, 'C0401', 'Business Coaching & Training'),
(23, 'C0501', 'Antiques-Collectibles'),
(24, 'M0201', 'Brand Consultancy'),
(25, 'D0101', 'Courier Delivery Service'),
(26, 'E0101', 'Career Counsellors'),
(27, 'E0201', 'Engineering'),
(28, 'E0301', 'DJ Services'),
(29, 'E0402', 'Energy Management Products'),
(30, 'E0501', 'Artist/Model Management'),
(31, 'F0101', 'Conference Facilities'),
(32, 'F0201', 'Asset & Fund Management'),
(33, 'F0301', 'Fitness Gym'),
(34, 'F0401', 'Florist'),
(35, 'F0501', 'Baker'),
(36, 'F0601', 'Funeral Planning-Services'),
(37, 'F0701', 'Carpets'),
(38, 'G0101', 'Appearance Products-Mass/Lifestyle'),
(39, 'G0201', 'Awards-Trophies'),
(40, 'G0301', 'Graphic Design'),
(41, 'H0101', 'Health and Safety Consulting'),
(42, 'H0201', 'Air Purification'),
(43, 'H0301', 'Executive Recruitment'),
(44, 'I0101', 'Domestic Gas LPG'),
(45, 'I0201', 'Audio Visual Systems'),
(46, 'I0301', 'Financial Planning & Personal Life Insurance'),
(47, 'I0401', 'Bedroom/Bath/Accessories'),
(48, 'J0101', 'Jeweler'),
(49, 'L0101', 'Indoor Plants & Maintenance'),
(50, 'L0201', 'Language Services'),
(51, 'L0301', 'Aviation Law'),
(52, 'M0101', 'Disposable Plasticware'),
(53, 'M0201', 'Brand Consultancy'),
(54, 'M0301', 'Audio Production'),
(55, 'M0401', 'Acupuncture'),
(56, 'M0501', 'Moving Company'),
(57, 'N0101', 'Chamber of Commerce'),
(58, 'O0101', 'Document Management Services'),
(59, 'O0201', 'Organizing Professional'),
(60, 'P0101', 'Concierge'),
(61, 'P0201', 'Pest Control'),
(62, 'P0301', 'Photography - Commercial/Industrial'),
(63, 'P0401', 'Large Format Printing'),
(64, 'P0501', 'Public Relations'),
(65, 'R0101', 'Commercial Real Estate - Leasing'),
(66, 'R0201', 'Boats'),
(67, 'R0301', 'Children\'s Wear & Baby Products'),
(68, 'S0101', 'Locksmith'),
(69, 'S0201', 'Sign Company'),
(70, 'S0301', 'Speaker'),
(71, 'S0401', 'Martial Arts'),
(72, 'T0101', 'Telecommunications Services'),
(73, 'T0201', 'Aircraft'),
(74, 'T0301', 'Online Travel Management Solution/Portal'),
(75, 'W0101', 'Wedding Planner'),
(76, 'W0201', 'Content Strategist'),
(77, '', 'Office Supplies'),
(78, '', 'Audio Visual – Integration'),
(79, '', 'Tracking Systems'),
(80, '', 'First Aid & Safety Specialist'),
(81, '', 'Joinery'),
(82, '', 'Corporate Gifts'),
(83, '', 'Corporate Lawyer'),
(84, '', 'ICT & ERP Solutions'),
(85, '', 'Business Incorporation'),
(86, '', 'Salon - Spa'),
(87, '', 'Automotive Performance Solutions'),
(88, '', 'Digital Branding'),
(89, '', 'Automotive Repair & Service'),
(90, '', 'Outbound Travel Agent'),
(91, '', 'Caterer'),
(92, '', 'Courier Services'),
(93, '', 'Financial Advisor / Consultant'),
(94, '', 'Web Design'),
(95, '', 'Architect – Interior Design'),
(96, '', 'Offset Printing'),
(97, '', 'Sound Proofing & Acoustic'),
(98, '', 'Search Engine Optimization'),
(99, '', 'Residential Real Estate'),
(100, '', 'Mortgage Consultant'),
(101, '', 'Commercial Real Estate'),
(102, '', 'Building Automation & Controls'),
(103, '', 'Executive Coach'),
(104, '', 'Jewellers'),
(105, '', 'Accounting & CFO Services'),
(106, '', 'Event Photography'),
(107, '', 'IT Hardware & Accessories - Sales'),
(108, '', 'General Insurance'),
(109, '', 'Audit & Assurance'),
(110, '', 'IT, Computer Networks & AMC'),
(111, '', 'PR & MC'),
(112, '', 'Dentist'),
(113, '', 'Corporate Event Management'),
(114, '', 'Clothing – Custom Apparel'),
(115, '', 'Freight Forwarding & Logistics'),
(116, '', 'Videography'),
(117, '', 'Social Media'),
(119, '', 'Gaming Apps Development'),
(120, '', 'Laundry Services'),
(121, '', 'Fashion'),
(122, '', 'Technical Services - 1'),
(123, '', 'This is test'),
(124, '', 'Connecting Startups with Corporates '),
(125, '', 'Medical Equipments'),
(126, '', 'General Trading (trading of equipments)'),
(127, '', 'Recruitment and Labour Supplies'),
(128, '', 'Cleaning Services'),
(129, '', 'Others'),
(130, '', 'Property Risk Management'),
(131, '', 'Men\'s Fashion'),
(132, '', 'Cleaning, Janitorial-Commercial Cleaning'),
(133, '', 'Cleaning, Janitorial-Commercial Cleaning'),
(134, '', 'Restaurant'),
(135, '', 'Online Marketing'),
(136, '', 'Industrial HSE'),
(137, '', 'NLP Coach'),
(138, '', 'Strategic Consultant '),
(139, '', 'Paper and Packaging Sector'),
(140, '', 'Education '),
(141, '', 'Retail business'),
(142, '', 'Investments'),
(143, '', 'Real Estate Valuation - Surveyor'),
(144, '', 'Payroll'),
(145, '', 'Manufacturing Steel products'),
(146, '', 'Salon & Spa Consultant '),
(147, '', 'Payment Solutions '),
(148, '', 'Hospitality - Supplies '),
(149, '', 'Software Solutions'),
(150, '', 'Others'),
(151, '', 'Artificial Inteligence'),
(152, '', 'Autoparts'),
(153, '', 'Cyber Security'),
(154, '', 'Physiotherapy'),
(155, '', 'Management Consulting'),
(156, '', 'Sales Outsourcing'),
(157, '', 'Autoparts Trading'),
(158, '', 'Nutrition'),
(159, '', 'Tax Planning'),
(160, '', 'B2B Procurement Solution'),
(161, '', 'Residential Real Estate'),
(162, '', 'Rent a Car '),
(163, '', 'Rent a Car '),
(164, '', 'Medical Web Portal'),
(165, '', 'Home furnishings'),
(166, '', 'Building Materials and Hardware'),
(167, '', 'Business Directory / Promotions'),
(168, '', 'Beauty Products / Cosmetics'),
(169, '', 'Beauty Products / Cosmetics'),
(170, '', 'Apparel Unisex'),
(171, '', 'Car Repair'),
(172, '', 'Post Production - Video'),
(173, '', 'Maintainance Services'),
(174, '', 'Auto spare parts'),
(175, '', 'Business Association'),
(176, '', 'Landscaping and garden construction'),
(177, '', 'Autoparts Trading'),
(178, '', 'Project Management Services'),
(179, '', 'H0301 Executive Recruitment'),
(180, '', 'B0406 General Contractor'),
(181, '', 'F0201 Asset & Fund Management'),
(182, '', 'Garment & Textiles '),
(183, '', 'Student job placements'),
(184, '', 'HR  Strategy'),
(185, '', 'Offshore'),
(186, '', 'Franchising'),
(187, '', 'Vastu'),
(188, '', 'Vastu'),
(189, '', 'Family and Marriage Therapist '),
(190, '', 'Business security'),
(191, '', 'Online Portal '),
(192, '', 'Online Grocery Store'),
(193, '', 'Men\'s Grooming'),
(194, '', 'Entrepreneur'),
(195, '', 'Event management '),
(196, '', 'Student Recruitment'),
(197, '', 'Branding and design '),
(198, '', 'Honey Products'),
(199, '', 'Used cars'),
(200, '', 'Inbound Marketing'),
(201, '', 'B0703 Business Incorporation Offshore'),
(202, '', 'Environmental Solutions'),
(203, '', 'Bespoke Travel & Event Planning'),
(204, '', 'Kids Classified'),
(205, '', 'Executive Recruitment'),
(206, '', 'Doctor'),
(207, '', 'Doctor'),
(208, '', 'Fitness'),
(209, '', 'Apple Distributors'),
(210, '', 'Commodity Trading'),
(211, '', 'Corporate Services- Offshore'),
(212, '', 'MEP '),
(213, '', 'Dessert Manufacturers '),
(214, '', 'Learning & Development '),
(215, '', 'Coffee Discovery'),
(216, '', 'Party supplies and trading'),
(217, '', 'Exhibition Stand Fabrication'),
(218, '', ' Digital Marketing & Designing- Project managing'),
(219, '', 'Visual Online teaching software developer'),
(220, '', 'E-Learning Systems '),
(221, '', 'Water filters '),
(222, '', 'Nutrition'),
(223, '', 'Solar Panels Manufacturer'),
(224, '', 'Commercial Fitout'),
(225, '', 'Lifestyle'),
(226, '', 'Facility Management'),
(227, '', 'Computer software sales and development'),
(228, '', 'General Trading'),
(229, '', 'Home appliances'),
(230, '', 'Home appliances'),
(231, '', 'Shredding company '),
(232, '', 'Documents shredding '),
(233, '', 'Vitamins and suppliments'),
(234, '', 'Second passport investment'),
(235, '', 'Online clothing store'),
(236, '', 'Mobile Commerce for Coffee Shops'),
(237, '', 'hotel management'),
(238, '', 'Occupational/Work psychologist'),
(239, '', 'Animation Artist'),
(240, '', 'Trademark & Patent Registration'),
(241, '', 'Gift Wrapping Service'),
(242, '', 'Chiropractor '),
(243, '', 'Medical clinic'),
(244, '', 'Content Writing'),
(245, '', 'Content Creator'),
(246, '', 'Sports - Other'),
(247, '', 'Mobile Business Applications '),
(248, '', 'restaurant loyalty programme'),
(249, '', 'HR and Payroll Systems'),
(250, '', 'Legal services family/personal'),
(251, '', 'Sound Lights and Staging'),
(252, '', 'Holistic &Wellness'),
(253, '', 'TV Commentator and Compere'),
(254, '', 'HR Recruitment'),
(255, '', 'Heavy Equipment Rental'),
(256, '', 'Digital & Print Magazine'),
(257, '', 'Technology Support Interactive for events & exhibitions'),
(258, '', 'Corporate Financial Advisors '),
(259, '', 'Hotels - MICE'),
(260, '', 'Crowd funding'),
(261, '', 'Event Staging Solutions'),
(262, '', 'Event staging solutions'),
(263, '', 'Digital Advertising'),
(264, '', 'Telemedicine'),
(265, '', 'Interior designer '),
(266, '', 'ECommerce Fulfilment'),
(267, '', 'Typing Center'),
(268, '', 'Constructions Machinery'),
(269, '', 'Constructions Machinery'),
(270, '', 'Constructions Machinery'),
(271, '', 'Constructions Machinery'),
(272, '', 'Constructions Machinery'),
(273, '', 'Construction Machinery'),
(274, '', 'E-scooter'),
(275, '', 'Eco Friendly Cloth Bags'),
(276, '', 'Home Entertainment'),
(277, '', 'Home Automation'),
(278, '', 'claims assistance'),
(279, '', 'food and safety consulting'),
(280, '', 'Kitchen Equipments'),
(281, '', 'Public relations'),
(282, '', 'AWS Hosting Solutions'),
(283, '', 'Parks Resorts'),
(284, '', 'Office supplies'),
(285, '', 'Drone infrastructure '),
(286, '', 'Hypnotherapy'),
(287, '', 'Inbound tourism'),
(288, '', 'Restaurant '),
(289, '', 'Training Institute'),
(290, '', 'Coffe Machines Suppliers'),
(291, '', 'Natural Health Store'),
(292, '', 'Construction law'),
(293, '', 'Construction law'),
(294, '', 'Commercial Real Estate'),
(295, '', 'Online Reputation Management '),
(296, '', 'Physical and Electronic Security'),
(297, '', 'Media Solutions'),
(298, '', 'Audio Visual Consultant'),
(299, '', 'KPO and Advisory Services'),
(300, '', 'Education Institutions '),
(301, '', 'Translation services'),
(302, '', 'Business Group'),
(303, '', 'Leather refurbishment '),
(304, '', 'NLP trainer '),
(305, '', 'Cyber Security '),
(306, '', 'Coworking Space'),
(307, '', 'money transfer'),
(308, '', 'Metal Fabrication '),
(309, '', 'ISO Consultant '),
(310, '', 'Perfumes'),
(311, '', 'Hospitality Marketing Services'),
(312, '', 'Ship Brokerage'),
(313, '', 'Media Distribution'),
(314, '', 'Property Developer '),
(315, '', 'Property Developer '),
(316, '', 'Property Developer '),
(317, '', 'Horse health Specialist'),
(318, '', 'Local Sponsor'),
(319, '', 'Health and Safety equipments'),
(320, '', 'Security Equipment '),
(321, '', 'University. '),
(322, '', 'Mortgage & Insurance Specialist'),
(323, '', 'IOT'),
(324, '', 'Food Stylist '),
(325, '', 'F&B supplies'),
(326, '', 'Lead Generation'),
(327, '', 'Restaurant'),
(328, '', 'Artist'),
(329, '', 'Corporate communications'),
(330, '', 'Hospitality'),
(331, '', 'Sports Tourism'),
(332, '', 'Business Centre'),
(333, '', 'Business Intelligence Services '),
(334, '', 'Life and career coach '),
(335, '', 'Kaizen Consulting'),
(336, '', 'Leather Shoes'),
(337, '', 'Uniforms'),
(338, '', 'Building Contracting'),
(339, '', 'A1102 Automotive Parts/Accessories'),
(340, '', 'Cloud shopping'),
(341, '', 'Water Laks'),
(342, '', 'Immigration Consultant'),
(343, '', 'Recruitment Consultant'),
(344, '', 'Fashion Designer '),
(345, '', 'Financial Brokerage company'),
(346, '', 'Advertising Mateirals Wholesaler'),
(347, '', 'Project management '),
(348, '', 'E-learning for corporates '),
(349, '', 'Lawyer'),
(350, '', 'Lawyer'),
(351, '', 'Robotic Process Automation'),
(352, '', 'Performance Marketing'),
(353, '', 'Florist'),
(354, '', 'Free Zone'),
(355, '', 'Hotel Supplies');

-- --------------------------------------------------------

--
-- Table structure for table `tbl_chapters`
--

CREATE TABLE `tbl_chapters` (
  `chap_id` int(11) NOT NULL,
  `chap_name` varchar(255) NOT NULL,
  `chap_meeting_fee` varchar(255) NOT NULL,
  `chap_location` varchar(255) NOT NULL,
  `chap_location_map` varchar(255) DEFAULT NULL,
  `event_day` int(11) DEFAULT NULL
) ENGINE=InnoDB DEFAULT CHARSET=latin1;

--
-- Dumping data for table `tbl_chapters`
--

INSERT INTO `tbl_chapters` (`chap_id`, `chap_name`, `chap_meeting_fee`, `chap_location`, `chap_location_map`, `event_day`) VALUES
(5, 'Energizers', '110', 'Hilton Dubai Jumeirah', 'https://g.page/HiltonDubaiJumeirah?share', 2),
(7, 'chap', 'we', 'wdwe', 'wew', 4);

-- --------------------------------------------------------

--
-- Table structure for table `tbl_chapters_admins`
--

CREATE TABLE `tbl_chapters_admins` (
  `ch_ad_id` int(11) NOT NULL,
  `ch_admin_id` int(11) NOT NULL,
  `ch_chap_id` int(11) NOT NULL,
  `date` timestamp NOT NULL DEFAULT current_timestamp() ON UPDATE current_timestamp()
) ENGINE=InnoDB DEFAULT CHARSET=latin1;

--
-- Dumping data for table `tbl_chapters_admins`
--

INSERT INTO `tbl_chapters_admins` (`ch_ad_id`, `ch_admin_id`, `ch_chap_id`, `date`) VALUES
(7, 1, 5, '2017-10-22 12:53:43'),
(10, 6, 5, '2017-10-22 12:53:43'),
(16, 12, 5, '2017-10-22 12:53:44'),
(17, 13, 5, '2017-10-22 12:53:44'),
(20, 16, 5, '2017-10-22 12:53:44'),
(25, 21, 5, '2017-10-22 12:53:44'),
(26, 22, 5, '2017-10-22 12:53:44'),
(28, 24, 5, '2017-10-22 12:53:44'),
(29, 25, 5, '2017-10-22 12:53:44'),
(33, 29, 5, '2017-10-22 12:53:45'),
(36, 32, 5, '2017-10-22 12:53:45'),
(37, 33, 5, '2017-10-22 12:53:45'),
(38, 34, 5, '2017-10-22 12:53:45'),
(40, 36, 5, '2017-10-22 12:53:45'),
(41, 37, 5, '2017-10-22 12:53:45'),
(42, 38, 5, '2017-10-22 12:53:45'),
(43, 39, 5, '2017-10-22 12:53:46'),
(46, 42, 5, '2017-10-22 12:53:46'),
(47, 43, 5, '2017-10-22 12:53:46'),
(48, 44, 5, '2017-10-22 12:53:46'),
(49, 45, 5, '2017-10-22 12:53:46'),
(52, 49, 5, '2017-11-20 09:27:18'),
(55, 52, 5, '2018-03-16 10:42:51'),
(56, 53, 5, '2018-04-22 18:11:35'),
(58, 55, 5, '2018-07-02 15:29:46'),
(59, 56, 5, '2018-11-12 13:16:12'),
(60, 57, 5, '2018-11-26 08:59:46'),
(61, 58, 5, '2018-11-28 18:01:43'),
(62, 59, 5, '2019-01-21 13:59:41'),
(63, 60, 5, '2019-04-02 05:56:49'),
(64, 61, 5, '2019-09-19 12:31:01'),
(65, 62, 5, '2019-11-18 09:26:41'),
(66, 18, 5, '2019-12-09 06:33:00'),
(67, 27, 5, '2019-12-09 06:44:48'),
(68, 7, 5, '2019-12-10 07:26:42'),
(69, 63, 5, '2020-01-20 11:48:47'),
(70, 64, 5, '2020-01-20 11:51:26'),
(71, 65, 5, '2020-01-25 07:14:29'),
(72, 66, 5, '2020-01-27 07:27:47'),
(73, 67, 5, '2020-01-27 11:35:44'),
(74, 22, 6, '2020-03-09 12:49:34'),
(75, 22, 7, '2020-03-11 05:57:31');

-- --------------------------------------------------------

--
-- Table structure for table `tbl_holidays`
--

CREATE TABLE `tbl_holidays` (
  `id` int(11) NOT NULL,
  `name` varchar(255) DEFAULT NULL,
  `holiday_date` date DEFAULT NULL,
  `chapter_id` int(11) DEFAULT NULL
) ENGINE=InnoDB DEFAULT CHARSET=utf8mb4;

--
-- Dumping data for table `tbl_holidays`
--

INSERT INTO `tbl_holidays` (`id`, `name`, `holiday_date`, `chapter_id`) VALUES
(12, 'werdw', '2020-03-31', 5),
(13, 'test', '2020-03-12', 7);

-- --------------------------------------------------------

--
-- Table structure for table `tbl_invitations`
--

CREATE TABLE `tbl_invitations` (
  `inv_id` int(11) NOT NULL,
  `inv_name` varchar(255) NOT NULL,
  `inv_email` varchar(255) NOT NULL,
  `inv_phone` varchar(255) NOT NULL,
  `inv_category` int(11) DEFAULT NULL,
  `inv_compnay` varchar(255) NOT NULL,
  `inv_date` date NOT NULL,
  `inv_invitedBy` int(11) DEFAULT NULL,
  `inv_type` enum('visitor','guest') NOT NULL,
  `inv_status` enum('0','1','2','3') NOT NULL DEFAULT '0',
  `inv_called` int(11) NOT NULL DEFAULT 0,
  `inv_visited` enum('0','1') NOT NULL DEFAULT '0',
  `inv_form_filled` enum('0','1') NOT NULL DEFAULT '0',
  `inv_interview_date` date DEFAULT NULL,
  `inv_interviewedBy1` int(11) DEFAULT NULL,
  `inv_interviewedBy2` int(11) DEFAULT NULL,
  `inv_voting_done` enum('0','1') NOT NULL DEFAULT '0',
  `inv_selection_status` enum('0','1','2','3','4') NOT NULL DEFAULT '0',
  `inv_category_text` varchar(255) DEFAULT NULL,
  `inv_invitedBy_text` varchar(255) DEFAULT NULL,
  `inv_form_filled_date` date DEFAULT NULL,
  `chapter_id` int(11) DEFAULT 5,
  `inv_rating` int(11) DEFAULT 0,
  `inv_comments` text DEFAULT NULL,
  `documents` varchar(500) DEFAULT NULL
) ENGINE=InnoDB DEFAULT CHARSET=latin1;

--
-- Dumping data for table `tbl_invitations`
--

INSERT INTO `tbl_invitations` (`inv_id`, `inv_name`, `inv_email`, `inv_phone`, `inv_category`, `inv_compnay`, `inv_date`, `inv_invitedBy`, `inv_type`, `inv_status`, `inv_called`, `inv_visited`, `inv_form_filled`, `inv_interview_date`, `inv_interviewedBy1`, `inv_interviewedBy2`, `inv_voting_done`, `inv_selection_status`, `inv_category_text`, `inv_invitedBy_text`, `inv_form_filled_date`, `chapter_id`, `inv_rating`, `inv_comments`, `documents`) VALUES
(4, 'Thomas Thekkath ', 'thomas@technicsfzc.com', '0506516431', 17, 'Technics Middle East FZC', '2017-11-07', 20, 'visitor', '1', 1, '0', '0', '0000-00-00', 0, 0, '0', '0', NULL, NULL, NULL, 5, 0, NULL, NULL),
(5, 'Vishnu Sambasivan', 'vishnu.s@glenbeigh.ae', '0559152802', 58, 'Glenbeigh Records Management DWC LLC', '2017-10-31', 11, 'visitor', '1', 1, '0', '0', '0000-00-00', 0, 0, '0', '0', NULL, NULL, NULL, 5, 1, 'test', NULL),
(6, 'Peter Newman', 'peternewman1805@hotmail.co.uk', '0509197877', 41, 'GM Safety ', '2017-10-31', 8, 'visitor', '1', 1, '0', '0', '0000-00-00', 0, 0, '0', '0', NULL, NULL, NULL, 5, 0, NULL, NULL),
(9, 'Zamira', 'info@zamira-style.com', '000', 38, 'Zamira style', '2017-10-31', 18, 'visitor', '0', 0, '0', '0', '0000-00-00', 0, 0, '0', '0', NULL, NULL, NULL, 5, 0, NULL, NULL),
(10, 'Vishesh Sawhney', 'v.sawhney@tanseeqinvestment.com', '00971526013575', 8, 'Tanseeq Investment', '2017-11-07', 20, 'visitor', '3', 1, '0', '0', '0000-00-00', 0, 0, '0', '0', NULL, NULL, NULL, 5, 0, NULL, NULL),
(13, 'Zaib Shadani', 'zaib@shadaniconsulting.com', '0509116138', 117, 'Shadani Consulting', '2017-10-31', 46, 'visitor', '1', 1, '0', '0', '0000-00-00', 0, 0, '0', '0', NULL, NULL, NULL, 5, 0, NULL, NULL),
(14, 'Adrian Simon', 'adrian@onedigital.fm', '0557376060', 88, 'One Digital', '2017-10-31', 46, 'guest', '2', 0, '0', '0', '0000-00-00', 0, 0, '0', '0', NULL, NULL, NULL, 5, 0, NULL, NULL),
(15, 'Muhammad Manji', 'muhammad@daybreakgt.com', '0504549855', 110, 'Daybreak GT', '2017-10-31', 12, 'guest', '2', 1, '0', '0', '0000-00-00', 0, 0, '0', '0', NULL, NULL, NULL, 5, 0, NULL, NULL),
(16, 'Gaurav Sharma', 'gaurav@dotsquares.com', '0501304357', 119, 'Dotsquares', '2017-10-31', 22, 'visitor', '1', 1, '0', '0', '0000-00-00', 0, 0, '0', '0', NULL, NULL, NULL, 5, 0, NULL, NULL),
(17, 'Tarun Moorjani', 'tarun@press2perfect.com', '0508523448', 120, 'press2perfect', '2017-10-31', 12, 'visitor', '2', 1, '0', '0', '0000-00-00', 0, 0, '0', '0', NULL, NULL, NULL, 5, 0, NULL, NULL),
(21, 'Alanoud Faisal ', 'alanoud@inevert.com', '0508002801', 124, 'Inevert ', '2017-10-31', 27, 'visitor', '1', 1, '0', '0', '2017-10-29', 0, 0, '0', '0', NULL, NULL, NULL, 5, 0, NULL, NULL),
(22, 'Sujit Kumbhani', 'sujit.kumbhani@pivot-intl.com', '0506573219', 125, 'Pivot-international', '2017-10-31', 18, 'visitor', '1', 1, '0', '0', '2017-10-29', 0, 0, '0', '0', NULL, NULL, NULL, 5, 0, NULL, NULL),
(23, 'Fahd Khater', 'fahd@skyhighadv.net', '0502823226', 3, 'Sky High', '2017-10-31', 18, 'visitor', '1', 1, '0', '0', '0000-00-00', 0, 0, '0', '0', NULL, NULL, NULL, 5, 0, NULL, NULL),
(24, 'Amit Savargaonkar', 'amit@pineapplegroup.com', '00919049008986', 94, 'Pineapple Group', '2017-10-31', 29, 'guest', '1', 1, '0', '0', '0000-00-00', 0, 0, '0', '0', NULL, NULL, NULL, 5, 0, NULL, NULL),
(25, 'Bhagatsing Powar', 'bhagatsing86@gmail.com', '00919049008986', 93, 'The Crypton Group', '2017-10-31', 29, 'visitor', '1', 0, '0', '0', '0000-00-00', 0, 0, '0', '0', NULL, NULL, NULL, 5, 0, NULL, NULL),
(26, 'Sreekumar Panicker', 'Sreekumar.Panicker@nilfisk.com', '0554344348', 126, 'Nilfisk', '2017-11-07', 38, 'visitor', '1', 1, '0', '0', '0000-00-00', 0, 0, '0', '0', NULL, NULL, NULL, 5, 0, NULL, NULL),
(28, 'Mushtaq', 'mushtaqa@shoebgroup.com', '0504554312', 122, 'Shoeb Group Fire Fighting Equipment Trading', '2017-11-07', 21, 'visitor', '2', 1, '0', '0', '0000-00-00', 0, 0, '0', '0', NULL, NULL, NULL, 5, 0, NULL, NULL),
(29, 'Kelly Jenkins ', 'kelly@digitalnexa.com', '+971 52 104 6938', 117, 'Digital nexa ', '2017-11-07', 40, 'visitor', '2', 1, '0', '0', '0000-00-00', 0, 0, '0', '0', NULL, NULL, NULL, 5, 0, NULL, NULL),
(30, 'Muneer Bhambhani', 'muneer@springcleaning.ae', '+971 56 895 2444', 128, 'Star spring Cleaning Services LLC', '2017-11-21', 48, 'visitor', '2', 1, '0', '0', '0000-00-00', 0, 0, '0', '0', NULL, NULL, NULL, 5, 0, NULL, NULL),
(31, 'Neil Morrin', 'neil.morrin@4see.ae', '0529138420', 130, '4See', '2017-11-07', 1, 'visitor', '1', 1, '0', '0', '2017-11-06', 0, 0, '0', '0', NULL, NULL, NULL, 5, 0, NULL, NULL),
(32, 'Samrat ', 'samrat@vsl.ae', '0559301301', 131, 'collars & cuffs', '2017-11-07', 18, 'visitor', '1', 1, '0', '0', '2017-11-06', 0, 0, '0', '0', NULL, NULL, NULL, 5, 0, NULL, NULL),
(33, 'Sujit Kumbhani', 'sujit.kumbhani@pivot-intl.com', '0506573219', 125, 'Pivot-international', '2017-11-07', 18, 'visitor', '0', 1, '0', '0', '2017-11-06', 0, 0, '0', '0', NULL, NULL, NULL, 5, 0, NULL, NULL),
(35, 'Muneer Bhambhani', 'muneer@springcleaning.ae', '0568952444 ', 132, 'Star Spring Cleaning Services', '2017-11-07', 48, 'visitor', '0', 0, '0', '0', '2017-11-06', 0, 0, '0', '0', NULL, NULL, NULL, 5, 0, NULL, NULL),
(36, 'Muneer Bhambhani', 'muneer@springcleaning.ae', '0568952444 ', 133, 'Star Spring Cleaning Services', '2017-11-07', 48, 'visitor', '2', 1, '0', '0', '2017-11-06', 0, 0, '0', '0', NULL, NULL, NULL, 5, 0, NULL, NULL),
(37, 'Teodora Sadeanu', 'teodora.sadeanu@lalsgroup.com', '+971 50 9509220', 134, 'Lals Group', '2017-11-14', 12, 'visitor', '1', 1, '0', '0', '0000-00-00', 0, 0, '0', '0', NULL, NULL, NULL, 5, 0, NULL, NULL),
(38, 'TJ Moini', 'tj@weareaugustus.com', '0553697302', 135, 'Augustus', '2017-11-14', 37, 'visitor', '1', 1, '0', '0', '0000-00-00', 0, 0, '0', '0', NULL, NULL, NULL, 5, 0, NULL, NULL),
(39, 'Michael Nates', 'michael@nates.co.uk', '0585400701', 136, 'Nates Associates', '2017-11-14', 37, 'visitor', '1', 1, '0', '0', '0000-00-00', 0, 0, '0', '0', NULL, NULL, NULL, 5, 0, NULL, NULL),
(40, 'Ajay Goplani', 'ajayg@bizx.com', '0503547996', 129, 'Bizx', '2017-11-14', 35, 'visitor', '1', 1, '0', '0', '0000-00-00', 0, 0, '0', '0', NULL, NULL, NULL, 5, 0, NULL, NULL),
(42, 'Simon', 'simonaaaa17@gmail.com', '0524820313', 86, 'Sakura spa', '2017-11-21', 18, 'visitor', '2', 1, '0', '0', '0000-00-00', 0, 0, '0', '0', NULL, NULL, NULL, 5, 0, NULL, NULL),
(43, 'Maurizio Controzzi', 'm.controzzi@tecnoware.com', '0505654324', 29, 'Tecno Ware', '2017-11-21', 29, 'visitor', '3', 1, '0', '0', '0000-00-00', 0, 0, '0', '0', NULL, NULL, NULL, 5, 0, NULL, NULL),
(44, 'Georg Riegel', 'navinpardasani@outlook.com', '00821448080028', 129, 'RIEGA Miele-Center', '2017-11-21', 29, 'guest', '0', 0, '0', '0', '0000-00-00', 0, 0, '0', '0', NULL, NULL, NULL, 5, 0, NULL, NULL),
(45, 'Fahad Faizal', 'fahad@smarthatch.com', '0557157733', 117, 'Smart Hatch Technologies FZE', '2017-11-21', 34, 'visitor', '0', 1, '0', '0', '0000-00-00', 0, 0, '0', '0', NULL, NULL, NULL, 5, 0, NULL, NULL),
(46, 'Shahzad Akhtar ', 's.akhtar@straxecute', '0525167220', 138, 'Straxecute', '2017-11-21', 49, 'visitor', '1', 1, '0', '0', '0000-00-00', 0, 0, '0', '0', NULL, NULL, NULL, 5, 0, NULL, NULL),
(47, 'Abdul Sattar Murad', 'am.admin@darvesh.com', '0566881623', 142, 'Darvesh', '2017-11-28', 50, 'visitor', '2', 1, '0', '0', '0000-00-00', 0, 0, '0', '0', NULL, NULL, NULL, 5, 0, NULL, NULL),
(48, 'Girish Wadhawan', 'wadhawan.girish@gmail.com', '0555053024', 93, 'Seguro Private Wealth', '2017-11-28', 29, 'visitor', '0', 1, '0', '0', '0000-00-00', 0, 0, '0', '0', NULL, NULL, NULL, 5, 0, NULL, NULL),
(49, 'Shirin Mehri ', 'Shirin.mehri@bizworlduae.org', '+971 55 255 9004', 140, 'BizWorld UAE', '2017-11-28', 37, 'visitor', '2', 1, '0', '0', '0000-00-00', 0, 0, '0', '0', NULL, NULL, NULL, 5, 0, NULL, NULL),
(50, 'Kaartik', 'kaartik@kaartikgor.com', '50 426 9688', 138, 'Kaartikgor.com', '2017-11-28', 18, 'visitor', '2', 1, '0', '0', '0000-00-00', 0, 0, '0', '0', NULL, NULL, NULL, 5, 0, NULL, NULL),
(51, 'Joe Vishwanath ', 'joeviswan@gmail.com', '?+971 50 459 4307?', 141, 'Freshii LLC/ Montage Fzco', '2017-11-28', 20, 'visitor', '1', 1, '0', '0', '0000-00-00', 0, 0, '0', '0', NULL, NULL, NULL, 5, 0, NULL, NULL),
(52, 'Shahbaz Ahmad Zobairi', 'info@wingsdsh.com', '0568827420', 107, 'Wings Digital Software House LLC', '2017-11-28', 48, 'guest', '0', 1, '0', '0', '0000-00-00', 0, 0, '0', '0', NULL, NULL, NULL, 5, 0, NULL, NULL),
(53, 'Lubna', 'lubnadasmal@yahoo.com', '0554526662', 86, 'Nail corner', '2017-11-28', 18, 'visitor', '2', 1, '0', '0', '0000-00-00', 0, 0, '0', '0', NULL, NULL, NULL, 5, 0, NULL, NULL),
(54, 'Francis Penialber', 'fp@qsf-corp.com', '?050 864 4218?', 85, 'QFS Corporate Services', '2017-11-28', 13, 'visitor', '0', 0, '0', '0', '0000-00-00', 0, 0, '0', '0', NULL, NULL, NULL, 5, 0, NULL, NULL),
(55, 'GLENN BLEVINS', 'GRBLEVINS@FEDELTA.COM', '0561459300', 32, 'FEDELTA TRUST LIMITED', '2017-11-28', 21, 'visitor', '0', 0, '0', '0', '0000-00-00', 0, 0, '0', '0', NULL, NULL, NULL, 5, 0, NULL, NULL),
(56, 'Jyotsna Iyer', 'jyotsna.iyer@cloudscape.ae', '0557176225', 84, 'Cloudscape Technologies', '2017-11-28', 12, 'guest', '0', 0, '0', '0', '0000-00-00', 0, 0, '0', '0', NULL, NULL, NULL, 5, 0, NULL, NULL),
(57, 'Ahmed Shawky Elkhashab', 'akhashab@gmail.com', '+971528891089', 84, 'Oracle Middle East', '2017-12-05', 30, 'guest', '0', 1, '0', '0', '0000-00-00', 0, 0, '0', '0', NULL, NULL, NULL, 5, 0, NULL, NULL),
(58, 'Faisal Wahid', 'faisal.wahid@cavendishmaxwell.com', '+971501175170', 143, 'Cavendish Maxwell', '2017-12-05', 30, 'visitor', '0', 1, '0', '0', '0000-00-00', 0, 0, '0', '0', NULL, NULL, NULL, 5, 0, NULL, NULL),
(59, 'Fahd', 'fahd@skyhighadv.net', '0502823226', 3, 'Sky high advertising ', '2017-12-05', 18, 'visitor', '1', 1, '0', '0', '0000-00-00', 0, 0, '0', '0', NULL, NULL, NULL, 5, 0, NULL, NULL),
(60, 'Simon', 'simonaaaa17@gmail.com', '0524820313', 86, 'Sakura spa', '2017-12-05', 18, 'visitor', '0', 1, '0', '0', '0000-00-00', 0, 0, '0', '0', NULL, NULL, NULL, 5, 0, NULL, NULL),
(61, 'Chris Wileman ', 'chrisw@ops.ae', '+97144466304', 144, 'Outsourced Payroll Solutions', '2017-12-12', 7, 'visitor', '1', 1, '0', '0', '0000-00-00', 0, 0, '0', '0', NULL, NULL, NULL, 5, 0, NULL, NULL),
(62, 'Thomas Thekkath', 'Thomas@technicsfzc.com', '?050 651 6431?', 145, 'Technics Middle East Fzc', '2017-12-12', 20, 'visitor', '1', 1, '0', '0', '0000-00-00', 0, 0, '0', '0', NULL, NULL, NULL, 5, 0, NULL, NULL),
(63, 'Carole Hajjar ', 'carole.hajjar@yahoo.com', '?+971 58 955 2541?', 41, 'HSS', '2017-12-12', 8, 'visitor', '0', 0, '0', '0', '0000-00-00', 0, 0, '0', '0', NULL, NULL, NULL, 5, 0, NULL, NULL),
(64, 'Andrew Weichman', 'Aweichmann@omnex.com', '00', 138, 'Omnex', '2017-12-19', 45, 'visitor', '0', 0, '0', '0', '0000-00-00', 0, 0, '0', '0', NULL, NULL, NULL, 5, 0, NULL, NULL),
(65, 'Girish Wadhawan', 'wadhawan.girish@gmail.com', '0555053024', 142, 'Seguro Private Wealth', '2017-12-19', 29, 'visitor', '0', 0, '0', '0', '0000-00-00', 0, 0, '0', '0', NULL, NULL, NULL, 5, 0, NULL, NULL),
(66, 'Afzal', 'afzal@alrashdeendecor.com', '0559893351', 95, 'Al Rashdeen Decor', '2017-12-19', 48, 'visitor', '0', 0, '0', '0', '0000-00-00', 0, 0, '0', '0', NULL, NULL, NULL, 5, 0, NULL, NULL),
(67, 'Simon', 'sakuraspa4@gmail.com', '0524820313', 86, 'Sakura Spa', '2017-12-19', 50, 'visitor', '0', 0, '0', '0', '0000-00-00', 0, 0, '0', '0', NULL, NULL, NULL, 5, 0, NULL, NULL),
(68, 'Lubna', 'sakuraspa4@gmail.com', '0554526662', 86, 'Nail Corner', '2017-12-19', 50, 'visitor', '0', 0, '0', '0', '0000-00-00', 0, 0, '0', '0', NULL, NULL, NULL, 5, 0, NULL, NULL),
(69, 'Simona', 'simonaaa17@gmail.com', '0524820313', 146, 'Sakura Nail Spa', '2017-12-19', 50, 'visitor', '0', 0, '0', '0', '0000-00-00', 0, 0, '0', '0', NULL, NULL, NULL, 5, 0, NULL, NULL),
(70, 'Lubna', 'simonaaa17@gmail.com', '0554526662', 86, 'Nail Corner', '2017-12-19', 50, 'visitor', '0', 0, '0', '0', '0000-00-00', 0, 0, '0', '0', NULL, NULL, NULL, 5, 0, NULL, NULL),
(71, 'Sense', 'sese@telr.com', '05674808881', 147, 'Telr', '2017-12-19', 50, 'visitor', '0', 0, '0', '0', '0000-00-00', 0, 0, '0', '0', NULL, NULL, NULL, 5, 0, NULL, NULL),
(72, 'Sameer Ibrahim', 'sameer.i@glenbeigh.ae', '0551153833', 58, 'Glenbeigh Records Management DWC LLC', '2017-12-19', 11, 'visitor', '0', 0, '0', '0', '0000-00-00', 0, 0, '0', '0', NULL, NULL, NULL, 5, 0, NULL, NULL),
(73, 'Therese N Entende', 'therese@roche-ebeine.com', '0554752506', 148, 'Therese N Etende', '2017-12-19', 50, 'visitor', '0', 0, '0', '0', '0000-00-00', 0, 0, '0', '0', NULL, NULL, NULL, 5, 0, NULL, NULL),
(74, 'Vinod Bhatia', 'vinod@pathbreakers.net', '+971 50 774 3294', 149, 'Pathbreakers', '2018-01-09', 36, 'visitor', '0', 0, '0', '0', '0000-00-00', 0, 0, '0', '0', NULL, NULL, NULL, 5, 0, NULL, NULL),
(75, 'Humshad Charna', 'info@risinginvestment.com', '0551367765', 93, 'Rising Investments', '2018-01-09', 24, 'visitor', '0', 0, '0', '0', '0000-00-00', 0, 0, '0', '0', NULL, NULL, NULL, 5, 0, NULL, NULL),
(76, 'Amit Mendiratta', 'amit.mendiratta@arkiton.ae', '0551367765', 95, 'Arkiton Engineering Consultants', '2018-01-09', 24, 'guest', '0', 0, '0', '0', '0000-00-00', 0, 0, '0', '0', NULL, NULL, NULL, 5, 0, NULL, NULL),
(77, 'vicky koumoutsou', 'vicky@scenesandskenes.com', '0566589466', 13, 'Scenes and Skenes', '2018-01-16', 32, 'visitor', '1', 1, '0', '0', '0000-00-00', 0, 0, '0', '0', NULL, NULL, NULL, 5, 0, NULL, NULL),
(78, 'Dunja', 'dunja@internsme.com', '0564884631', 13, 'Interns ME', '2018-01-16', 32, 'visitor', '1', 1, '0', '0', '0000-00-00', 0, 0, '0', '0', NULL, NULL, NULL, 5, 0, NULL, NULL),
(79, 'Dari seo', 'dari@haleeducation.com', '0505134777', 26, 'Hale education group', '2018-01-16', 32, 'visitor', '2', 1, '0', '0', '0000-00-00', 0, 0, '0', '0', NULL, NULL, NULL, 5, 0, NULL, NULL),
(80, 'Nilesh Bhalerao', 'nileshbhalerao777@gmail.com', '+91 9921914777', 129, 'Automaxx Preowned', '2018-01-16', 5, 'visitor', '0', 0, '0', '0', '0000-00-00', 0, 0, '0', '0', NULL, NULL, NULL, 5, 0, NULL, NULL),
(81, 'Abhishek kasliwal', 'abhi.kasliwal@yahoo.com', '+91 9823111194', 129, 'Automaxx Preowned', '2018-01-16', 5, 'visitor', '0', 0, '0', '0', '0000-00-00', 0, 0, '0', '0', NULL, NULL, NULL, 5, 0, NULL, NULL),
(82, 'Abhishek kasliwal', 'carupeshlohade@gmail.com', '+91 8380003255', 129, 'Automaxx Preowned', '2018-01-16', 5, 'visitor', '0', 0, '0', '0', '0000-00-00', 0, 0, '0', '0', NULL, NULL, NULL, 5, 0, NULL, NULL),
(83, 'CA Rupesh Lohade ', 'carupeshlohade@gmail.com', '+91 8380003255', 129, 'Automaxx Preowned', '2018-01-16', 5, 'visitor', '0', 0, '0', '0', '0000-00-00', 0, 0, '0', '0', NULL, NULL, NULL, 5, 0, NULL, NULL),
(84, 'Khalid Shaikh', 'khalid@affaan.com', '+971565391591', 151, 'Affaan Technologies LLC ', '2018-01-16', 5, 'visitor', '1', 1, '0', '0', '0000-00-00', 0, 0, '0', '0', NULL, NULL, NULL, 5, 0, NULL, NULL),
(85, 'Morrad ', 'morrad@meltoo.me', '0557959594', 129, 'Meltoo', '2018-01-16', 37, 'visitor', '0', 0, '0', '0', '0000-00-00', 0, 0, '0', '0', NULL, NULL, NULL, 5, 0, NULL, NULL),
(86, 'Lalit Vanjani', 'lalitvanjani@gmail.com', '0582441968', 29, 'GCAS Energy Services', '2018-01-16', 29, 'visitor', '0', 0, '0', '0', '0000-00-00', 0, 0, '0', '0', NULL, NULL, NULL, 5, 0, NULL, NULL),
(87, 'Elena Webber', 'elena@iconsworldwide.com', '0502774630', 150, 'Icons Coffee Coture', '2018-01-23', 29, 'visitor', '3', 1, '0', '0', '0000-00-00', 0, 0, '0', '0', NULL, NULL, NULL, 5, 0, NULL, NULL),
(88, 'Vishwanath Iyer', 'vishwanath.iyer@spacefitout.com', '+971529817027', 95, 'Space Fitout', '2018-01-23', 30, 'guest', '3', 1, '0', '0', '0000-00-00', 0, 0, '0', '0', NULL, NULL, NULL, 5, 0, NULL, NULL),
(89, 'Adriaan Nolan', 'adriaan@banke.ae', '+971505234218', 99, 'Banke International Properties LLC', '2018-01-23', 30, 'visitor', '1', 1, '0', '0', '0000-00-00', 0, 0, '0', '0', NULL, NULL, NULL, 5, 0, NULL, NULL),
(90, 'Mukesh', 'Masher@eim.ae', '0506512781', 152, 'Rocket General Trading LLC', '2018-01-23', 36, 'visitor', '2', 1, '0', '0', '0000-00-00', 0, 0, '0', '0', NULL, NULL, NULL, 5, 0, NULL, NULL),
(91, 'Shonaak Reshmwala', 'shonak@reshamwala.net', '+971504529715', 153, 'DEFCON ISC LIMITED ', '2018-01-23', 21, 'visitor', '1', 1, '0', '0', '0000-00-00', 0, 0, '0', '0', NULL, NULL, NULL, 5, 0, NULL, NULL),
(92, 'Madison Marks', 'madison@womena.com', '055 1167139', 142, 'WOMENA', '2018-01-23', 27, 'visitor', '2', 1, '0', '0', '0000-00-00', 0, 0, '0', '0', NULL, NULL, NULL, 5, 0, NULL, NULL),
(93, 'Sunita sharma', 'naveensunita@gmail.com', '0503861005', 99, 'FAM properties', '2018-01-22', 18, 'visitor', '1', 1, '0', '0', '2018-01-22', 0, 0, '0', '0', NULL, NULL, NULL, 5, 0, NULL, NULL),
(94, 'Jonathan Robinson', 'jonny@nightingaledubai.com', '052 778 7335', 154, 'Nightingale', '2018-01-30', 27, 'visitor', '1', 1, '0', '0', '0000-00-00', 0, 0, '0', '0', NULL, NULL, NULL, 5, 0, NULL, NULL),
(95, 'Ahmed Daoud', 'ahmed.daoud@ahdaoud.com', '052 921 2848', 155, 'Daoud Innovation Consultancy', '2018-01-30', 27, 'visitor', '0', 1, '0', '0', '0000-00-00', 0, 0, '0', '0', NULL, NULL, NULL, 5, 0, NULL, NULL),
(96, 'Radouan Erragad', 'rad@avanli.com', '055 942 3783', 156, 'Avanli', '2018-01-30', 27, 'visitor', '0', 1, '0', '0', '0000-00-00', 0, 0, '0', '0', NULL, NULL, NULL, 5, 0, NULL, NULL),
(97, 'Adriaan Nolan', 'adriaan@banke.ae', '+971547788218', 99, 'Banke International Properties LLC', '2018-01-30', 30, 'visitor', '1', 1, '0', '0', '0000-00-00', 0, 0, '0', '0', NULL, NULL, NULL, 5, 0, NULL, NULL),
(98, 'Prachi Manghnani ', 'prachitylj9@gmail.com', '0563971998', 99, 'Seven Stars ', '2018-01-30', 29, 'visitor', '2', 1, '0', '0', '0000-00-00', 0, 0, '0', '0', NULL, NULL, NULL, 5, 0, NULL, NULL),
(99, 'Simran Bhatia', 'Simran.bhatia@qualitywipes.com', '0554556475', 38, 'Quality Wipes', '2018-01-30', 12, 'visitor', '2', 1, '0', '0', '0000-00-00', 0, 0, '0', '0', NULL, NULL, NULL, 5, 0, NULL, NULL),
(100, 'Mukesh', 'Masher@eim.ae', '0506512781', 157, 'Rocket General Trading LLC', '2018-01-30', 36, 'visitor', '2', 1, '0', '0', '0000-00-00', 0, 0, '0', '0', NULL, NULL, NULL, 5, 0, NULL, NULL),
(101, 'Sonali', 'sonali.cfs@gmail.com', '0527985795', 121, 'Sonali creation', '2018-01-30', 18, 'visitor', '0', 1, '0', '0', '0000-00-00', 0, 0, '0', '0', NULL, NULL, NULL, 5, 0, NULL, NULL),
(102, 'Mitun Dr Sarkar ', 'mitun.desarkar@gmail.com', '0551064318', 158, 'Simply Healthy Foods', '2018-01-30', 50, 'guest', '2', 1, '0', '0', '0000-00-00', 0, 0, '0', '0', NULL, NULL, NULL, 5, 0, NULL, NULL),
(109, 'Sanket Shrivastav ', 'sanket@astrick.in', '00919819747778', 149, 'Reyank', '2018-02-06', 48, 'visitor', '0', 0, '0', '0', '0000-00-00', 0, 0, '0', '0', NULL, NULL, NULL, 5, 0, NULL, NULL),
(110, 'Amit Sen', 'amit@eyelevelcinemas.com', '00919831024048', 116, 'Eye Level Cinemas', '2018-02-06', 29, 'guest', '0', 0, '0', '0', '0000-00-00', 0, 0, '0', '0', NULL, NULL, NULL, 5, 0, NULL, NULL),
(118, 'Usha Khatri (Dr.)', 'drusha.khatri@drbatras.com', '+971552395690', 150, 'Dr Batra\'s Homeopathy', '2018-02-06', 41, 'visitor', '1', 0, '0', '0', '0000-00-00', 0, 0, '0', '0', NULL, NULL, NULL, 5, 0, NULL, NULL),
(119, 'Sanket Shrivastav', 'sanket@astrick.in', '+919819747778', 149, 'reyank', '2018-02-06', 48, 'visitor', '0', 0, '0', '0', '0000-00-00', 0, 0, '0', '0', NULL, NULL, NULL, 5, 0, NULL, NULL),
(122, 'Nimit', 'info@valtorquetech.ae', '+971 567893436', 122, 'Valtorque Technical Services LLC', '2018-02-13', 11, 'visitor', '3', 1, '0', '0', '0000-00-00', 0, 0, '0', '0', NULL, NULL, NULL, 5, 0, NULL, NULL),
(123, 'Zaynah', 'zaynah@theimmigrationoffice.com', '+971 52 980 9176', 129, 'The immigration office', '2018-02-13', 32, 'visitor', '1', 1, '0', '0', '0000-00-00', 0, 0, '0', '0', NULL, NULL, NULL, 5, 0, NULL, NULL),
(124, 'Sanoj ', 'sanoj@theimmigrationoffice.com', '+971 55 940 7276', 129, 'The immigration office', '2018-02-13', 32, 'guest', '1', 1, '0', '0', '0000-00-00', 0, 0, '0', '0', NULL, NULL, NULL, 5, 0, NULL, NULL),
(125, 'Agripino Agor', 'gm@anadesignpm.com', '+971504285775', 95, 'ANA DESIGN DELIVERY & PROJECT MANAGEMENT', '2018-02-13', 13, 'guest', '2', 1, '0', '0', '0000-00-00', 0, 0, '0', '0', NULL, NULL, NULL, 5, 0, NULL, NULL),
(129, 'Annie Meikle', 'annie@socialshopdubai.ae', '+971 50 461 7612', 117, 'Social Shop', '2018-02-13', 27, 'visitor', '1', 0, '0', '0', '0000-00-00', 0, 0, '0', '0', NULL, NULL, NULL, 5, 0, NULL, NULL),
(130, 'Merab', 'charlottemerab@gmail.com', '0563312004', 126, 'E commerce', '2018-02-20', 38, 'visitor', '1', 1, '0', '0', '0000-00-00', 0, 0, '0', '0', NULL, NULL, NULL, 5, 0, NULL, NULL),
(131, 'Wouter Verwaal', 'wverwaal@designconfidence.com', '?+971 52 692 3056?', 97, 'Design Confidence', '2018-02-20', 8, 'visitor', '1', 1, '0', '0', '0000-00-00', 0, 0, '0', '0', NULL, NULL, NULL, 5, 0, NULL, NULL),
(132, 'Ujjawal Jain ', 'ujjawaljain@shahjainco.com', '00919978989919', 159, 'Shah Jain & Co.', '2018-02-20', 29, 'guest', '0', 0, '0', '0', '0000-00-00', 0, 0, '0', '0', NULL, NULL, NULL, 5, 0, NULL, NULL),
(133, 'Manoj Jain ', 'ujjawaljain@shahjainco.com', '00919820238638', 159, 'Shah Jain & Co.', '2018-02-20', 29, 'guest', '0', 0, '0', '0', '0000-00-00', 0, 0, '0', '0', NULL, NULL, NULL, 5, 0, NULL, NULL),
(134, 'Juan C Ameijeiras', 'juanA@procure-web.com', '0558310640', 160, 'Procure Web', '2018-02-20', 22, 'visitor', '1', 1, '0', '0', '0000-00-00', 0, 0, '0', '0', NULL, NULL, NULL, 5, 0, NULL, NULL),
(135, 'Ashraf Khan', 'ashraf@lre.ae', '0504597167', 161, 'Linakge Real Estate', '2018-02-27', 32, 'visitor', '2', 1, '0', '0', '0000-00-00', 0, 0, '0', '0', NULL, NULL, NULL, 5, 0, NULL, NULL),
(136, 'Habib Sawaya', 'hs@setupme.net', '0507348989', 126, 'Setup LLC', '2018-02-27', 38, 'visitor', '3', 1, '0', '0', '0000-00-00', 0, 0, '0', '0', NULL, NULL, NULL, 5, 0, NULL, NULL),
(137, 'Rohit Bhattad', 'rohit.bhattad@bradsol.com', '+91 9966866886', 13, 'bradsol.com', '2018-02-27', 16, 'guest', '0', 0, '0', '0', '0000-00-00', 0, 0, '0', '0', NULL, NULL, NULL, 5, 0, NULL, NULL),
(138, 'Pallawi', 'pallawi.prakash@gmail.com', '0551048390', 9, 'Art creation', '2018-03-27', 18, 'visitor', '0', 0, '0', '0', '0000-00-00', 0, 0, '0', '0', NULL, NULL, NULL, 5, 0, NULL, NULL),
(139, 'Dheeraj Satta', 'Dheeraj@quicklease.ae', '+971556699247', 162, 'Quick Lease Rent a Car ', '2018-02-27', 50, 'visitor', '1', 1, '0', '0', '0000-00-00', 0, 0, '0', '0', NULL, NULL, NULL, 5, 0, NULL, NULL),
(141, 'Rahul Bhattad', 'rahul@classicproperties.ae', '+971553777123', 161, 'classic properties', '2018-02-27', 16, 'visitor', '1', 1, '0', '0', '0000-00-00', 0, 0, '0', '0', NULL, NULL, NULL, 5, 0, NULL, NULL),
(142, 'Moni Itani', 'moni@thirdandfork.com', '0502733027', 117, 'Third and Fork', '2018-02-27', 17, 'visitor', '1', 1, '0', '0', '2018-02-26', 0, 0, '0', '0', NULL, NULL, NULL, 5, 0, NULL, NULL),
(143, 'Sese Reodica', 'sese@telr.com', '0567480881', 147, 'Telr', '2018-02-27', 50, 'visitor', '2', 1, '0', '0', '0000-00-00', 0, 0, '0', '0', NULL, NULL, NULL, 5, 0, NULL, NULL),
(145, 'Raja', 'accounts@homebakery.ae', '0564154436', 134, 'Home bakery ', '2018-02-27', 50, 'visitor', '0', 0, '0', '0', '0000-00-00', 0, 0, '0', '0', NULL, NULL, NULL, 5, 0, NULL, NULL),
(146, 'Randah Tahir', 'randah.taher@gmail.com', '?+971 55 237 0385?', 155, 'Sajory ', '2018-02-27', 49, 'visitor', '1', 1, '0', '0', '0000-00-00', 0, 0, '0', '0', NULL, NULL, NULL, 5, 0, NULL, NULL),
(147, 'Maja Stevanovska', 'maja.stevanovska@hkbs.ae', '0553341865', 86, 'Hello Kitty Beauty Spa', '2018-03-06', 50, 'visitor', '0', 1, '0', '0', '0000-00-00', 0, 0, '0', '0', NULL, NULL, NULL, 5, 0, NULL, NULL),
(148, 'Ayman Sharaiha', 'ayman.sharaiha@altibbi.com', '0503010848', 164, 'Al Tibbi', '2018-03-06', 27, 'visitor', '0', 0, '0', '0', '0000-00-00', 0, 0, '0', '0', NULL, NULL, NULL, 5, 0, NULL, NULL),
(149, 'Cheryl D\'Souza', 'cheryl@shuraa.com', '+971568876280', 155, 'Shuraa Management Consultancy', '2018-03-06', 39, 'visitor', '0', 0, '0', '0', '0000-00-00', 0, 0, '0', '0', NULL, NULL, NULL, 5, 0, NULL, NULL),
(150, 'Sheetal Mankani', 'sheetal@shuraa.com', '+971504365614', 155, 'Shuraa Management Consultancy', '2018-03-06', 39, 'visitor', '0', 0, '0', '0', '0000-00-00', 0, 0, '0', '0', NULL, NULL, NULL, 5, 0, NULL, NULL),
(151, 'Rakshita Gupta ', 'rakshigupta@gmail.com', '+971 55 202 2466', 165, 'Romantika homes ', '2018-03-13', 32, 'visitor', '2', 1, '0', '0', '0000-00-00', 0, 0, '0', '0', NULL, NULL, NULL, 5, 0, NULL, NULL),
(152, 'Ales ', 'ales@photoales.com', 'tel:+971505873184', 62, 'Ales vyslouzil photography', '2018-03-06', 32, 'visitor', '0', 0, '0', '0', '0000-00-00', 0, 0, '0', '0', NULL, NULL, NULL, 5, 0, NULL, NULL),
(153, 'Fawaz', 'Mohd.fawaz1990@gmail.com', '?+971 50 739 9022?', 166, 'Fine tools ', '2018-03-06', 25, 'visitor', '1', 1, '0', '0', '0000-00-00', 0, 0, '0', '0', NULL, NULL, NULL, 5, 0, NULL, NULL),
(154, 'KHADIJA ELVIE CANCIO', 'vmed@emirates.net.ae', '0558483030', 91, 'CANCIOS RESTAURANT', '2018-03-06', 13, 'visitor', '0', 0, '0', '0', '0000-00-00', 0, 0, '0', '0', NULL, NULL, NULL, 5, 0, NULL, NULL),
(155, 'MARK ANTHONY TAN', 'mark.rt@almaazmilawyers.com', '0525871911', 83, 'AL MAAZMI ADVOCATES & LEGAL CONSULTANCY', '2018-03-06', 13, 'visitor', '1', 1, '0', '0', '0000-00-00', 0, 0, '0', '0', NULL, NULL, NULL, 5, 0, NULL, NULL),
(156, 'MAHREE CHAN SORIANO', 'soriano_mahree@yahoo.com', '0561768859', 83, 'Al Tawheed Printing Press LLC', '2018-03-06', 13, 'visitor', '2', 1, '0', '0', '0000-00-00', 0, 0, '0', '0', NULL, NULL, NULL, 5, 0, NULL, NULL),
(157, 'RACHEL SALINEL LOS BANOS', 'feme.connect@writeme.com', '0553737305', 167, 'FEME CONNECT', '2018-03-06', 13, 'visitor', '0', 0, '0', '0', '0000-00-00', 0, 0, '0', '0', NULL, NULL, NULL, 5, 0, NULL, NULL),
(158, 'LYNDON MAGSINO', 'chairman@phbusinessschool.com', '0567875747', 140, 'PHILIPPINE BUSINESS SCHOOL', '2018-03-06', 13, 'visitor', '2', 1, '0', '0', '0000-00-00', 0, 0, '0', '0', NULL, NULL, NULL, 5, 0, NULL, NULL),
(159, 'DANIEL CANCIO', 'danielcancio@yahoo.com', '0503695678', 168, 'ROYALISTA GENERAL TRADING CO LLC', '2018-03-06', 13, 'visitor', '0', 0, '0', '0', '0000-00-00', 0, 0, '0', '0', NULL, NULL, NULL, 5, 0, NULL, NULL),
(160, 'DANIEL CANCIO', 'danielcancio@yahoo.com', '0503695678', 169, 'ROYALISTA GENERAL TRADING CO LLC', '2018-03-06', 13, 'visitor', '0', 0, '0', '0', '0000-00-00', 0, 0, '0', '0', NULL, NULL, NULL, 5, 0, NULL, NULL),
(161, 'WINNIE DAGURO', 'winnie.daguro@dbgt.me', '0544600242', 159, 'ROYALISTA GENERAL TRADING CO LLC', '2018-03-06', 13, 'visitor', '0', 0, '0', '0', '0000-00-00', 0, 0, '0', '0', NULL, NULL, NULL, 5, 0, NULL, NULL),
(162, 'Mohammed Basheer', 'optionsrent@gmail.com', '0527963337', 163, 'Options Rent a Car', '2018-03-06', 44, 'visitor', '3', 1, '0', '0', '0000-00-00', 0, 0, '0', '0', NULL, NULL, NULL, 5, 0, NULL, NULL),
(163, 'Sian Taylor', 'sian.taylor@engelvoelkers.com', '+971585696889', 99, 'Engel Voelkers ', '2018-03-06', 50, 'visitor', '0', 0, '0', '0', '0000-00-00', 0, 0, '0', '0', NULL, NULL, NULL, 5, 0, NULL, NULL),
(164, 'Bryan Santiago', 'bryancloma.santiago@telr.com', '+971529123748', 147, 'Telr ', '2018-03-06', 50, 'visitor', '0', 0, '0', '0', '0000-00-00', 0, 0, '0', '0', NULL, NULL, NULL, 5, 0, NULL, NULL),
(165, 'Zawar Hakeem', 'zawar@hakeemuniforms.com', '+971558559655', 170, 'Hakeem Uniforms ', '2018-03-06', 49, 'visitor', '0', 1, '0', '0', '0000-00-00', 0, 0, '0', '0', NULL, NULL, NULL, 5, 0, NULL, NULL),
(166, 'BEN JAYSON GAGUL', 'bbossgarage@gmail.com', '0526448218', 171, 'BIG BOSS GARAGE', '2018-03-06', 13, 'visitor', '0', 0, '0', '0', '0000-00-00', 0, 0, '0', '0', NULL, NULL, NULL, 5, 0, NULL, NULL),
(167, 'MR. QAISAR', 'sales@alrumanah.com', '0504740448', 139, 'AL RUMANAH PACKAGING', '2018-03-06', 13, 'visitor', '1', 1, '0', '0', '0000-00-00', 0, 0, '0', '0', NULL, NULL, NULL, 5, 0, NULL, NULL),
(168, 'Tarique Sheikh', 'tarique.sheikh@primefocus.com', '+971 55 327 6989', 172, 'Prime Focus', '2018-03-06', 6, 'visitor', '0', 0, '0', '0', '0000-00-00', 0, 0, '0', '0', NULL, NULL, NULL, 5, 0, NULL, NULL),
(169, 'Rashmi Sajnani ', 'rashmi@autorent-me.com', '+971506347842', 162, 'Autorent', '2018-03-06', 39, 'visitor', '0', 0, '0', '0', '0000-00-00', 0, 0, '0', '0', NULL, NULL, NULL, 5, 0, NULL, NULL),
(170, 'Randah  Zalatimo', 'randah@masoudlaw.com', '+971558234187', 83, 'Masoud Law', '2018-03-06', 39, 'visitor', '0', 0, '0', '0', '0000-00-00', 0, 0, '0', '0', NULL, NULL, NULL, 5, 0, NULL, NULL),
(171, 'Oliver Douglas', 'oliver@terraclean.ae', '0526781822', 171, 'Terra Clean', '2018-03-06', 39, 'visitor', '0', 0, '0', '0', '0000-00-00', 0, 0, '0', '0', NULL, NULL, NULL, 5, 0, NULL, NULL),
(172, 'Alex Bagnall', 'alex@golfdxb.com', '+971 544 424 286', 150, 'Golf DXB', '2018-03-06', 39, 'visitor', '0', 0, '0', '0', '0000-00-00', 0, 0, '0', '0', NULL, NULL, NULL, 5, 0, NULL, NULL),
(173, 'Hassan J. Saduzai', 'hassan@ezhire.life', '+971 55 381 3189', 163, 'EZhire', '2018-03-06', 39, 'visitor', '0', 1, '0', '0', '0000-00-00', 0, 0, '0', '0', NULL, NULL, NULL, 5, 0, NULL, NULL),
(174, 'Atif Rehman', 'atif@advancedcarrentals.com', '+971 4 2350077', 162, 'Advanced Rent a Car LLC', '2018-03-06', 39, 'visitor', '0', 0, '0', '0', '0000-00-00', 0, 0, '0', '0', NULL, NULL, NULL, 5, 0, NULL, NULL),
(175, 'Vinay Pagarani', 'vinay@oneclickdrive.com', '+971-52-616-0868', 162, 'oneclickdrive.com', '2018-03-06', 39, 'visitor', '0', 0, '0', '0', '0000-00-00', 0, 0, '0', '0', NULL, NULL, NULL, 5, 0, NULL, NULL),
(176, 'Burhan Trunboo ', 'btrumboo@grenke.ae', ' +971 4 44 05 019', 93, 'Grenke ', '2018-03-06', 39, 'visitor', '0', 0, '0', '0', '0000-00-00', 0, 0, '0', '0', NULL, NULL, NULL, 5, 0, NULL, NULL),
(177, 'Dhiren', 'neeldhir@gmail.com', '0507595337', 30, 'Dhiren', '2018-03-06', 44, 'visitor', '2', 1, '0', '0', '0000-00-00', 0, 0, '0', '0', NULL, NULL, NULL, 5, 0, NULL, NULL),
(178, 'Nestor De Jesus / Bobby', 'nestor@agilame.com', '0565542445', 173, 'AGILA TECHNICAL SERVICES', '2018-03-06', 13, 'visitor', '0', 0, '0', '0', '0000-00-00', 0, 0, '0', '0', NULL, NULL, NULL, 5, 0, NULL, NULL),
(179, 'NOVELYN SORELA', 'novelyn.sorela@halza.com', '0589048865', 164, 'HALZA', '2018-03-06', 13, 'visitor', '0', 0, '0', '0', '0000-00-00', 0, 0, '0', '0', NULL, NULL, NULL, 5, 0, NULL, NULL),
(180, 'ALLEN MADRID / ALLEAH', 'kabayan.production@gmail.com', '0566321078', 106, 'KABAYAN', '2018-03-06', 13, 'visitor', '0', 0, '0', '0', '0000-00-00', 0, 0, '0', '0', NULL, NULL, NULL, 5, 0, NULL, NULL),
(181, 'LENIN / SANJAY LOTLEKAR', 'sanjay@unipackuae.com', '0526414721', 139, 'UNIPACK CONTAINERS', '2018-03-06', 13, 'visitor', '2', 1, '0', '0', '0000-00-00', 0, 0, '0', '0', NULL, NULL, NULL, 5, 0, NULL, NULL),
(182, 'Shamsudheen', 'shamsu623@gmail.com', '05020114156', 63, 'AL MARIJA PRINTING', '2018-03-06', 13, 'guest', '0', 0, '0', '0', '0000-00-00', 0, 0, '0', '0', NULL, NULL, NULL, 5, 0, NULL, NULL),
(183, 'Murali Rajamani', 'rajamani@menagalaxy.com', '0555279008', 78, 'MENA Galaxy', '2018-03-06', 12, 'visitor', '0', 0, '0', '0', '0000-00-00', 0, 0, '0', '0', NULL, NULL, NULL, 5, 0, NULL, NULL),
(184, 'Jagee Jayaram', 'jageej@gmail.com', '0555231034', 174, 'K&J power house', '2018-03-06', 25, 'visitor', '0', 1, '0', '0', '0000-00-00', 0, 0, '0', '0', NULL, NULL, NULL, 5, 0, NULL, NULL),
(185, 'Christopher Thomas', 'Christopher.thomas@cloudscape.ae', '0553633422', 84, 'Cloudscape Technologies', '2018-03-06', 12, 'guest', '0', 0, '0', '0', '0000-00-00', 0, 0, '0', '0', NULL, NULL, NULL, 5, 0, NULL, NULL),
(186, 'Deepak Sarath', 'deepak.sarath@hsecservices.com', '0502593806', 41, 'Health Safety and Environment consultancy', '2018-03-06', 25, 'visitor', '0', 0, '0', '0', '0000-00-00', 0, 0, '0', '0', NULL, NULL, NULL, 5, 0, NULL, NULL),
(187, 'Aya Maria Moussalli', 'italy@iicuae.com', '0563900310', 175, 'Italain Industry and Comcmerce Office UAE', '2018-03-06', 50, 'visitor', '0', 0, '0', '0', '0000-00-00', 0, 0, '0', '0', NULL, NULL, NULL, 5, 0, NULL, NULL),
(188, 'Sian Taylor', 'sian.taylor@engelvoelkars.com', '0585696889', 99, 'Engel Voelkers', '2018-03-06', 50, 'visitor', '0', 0, '0', '0', '0000-00-00', 0, 0, '0', '0', NULL, NULL, NULL, 5, 0, NULL, NULL),
(189, 'Amit Goel', 'amit@gastronomica-me.com', '0552452544', 134, 'Gastronomica Middle East', '2018-03-06', 50, 'visitor', '0', 0, '0', '0', '0000-00-00', 0, 0, '0', '0', NULL, NULL, NULL, 5, 0, NULL, NULL),
(190, 'Bryan C. Santiago', 'bryan@telr.com', '052 912 3748', 147, 'Telr', '2018-03-06', 50, 'visitor', '0', 0, '0', '0', '0000-00-00', 0, 0, '0', '0', NULL, NULL, NULL, 5, 0, NULL, NULL),
(191, 'Lara ', 'lara@g-hospitality.com', '0506447759', 141, 'G Hospitality', '2018-03-06', 50, 'visitor', '0', 1, '0', '0', '0000-00-00', 0, 0, '0', '0', NULL, NULL, NULL, 5, 0, NULL, NULL),
(192, 'Ibrahim Murad', 'Ibrahim.murad@ikl.ae', '0555015626', 155, 'IKL ', '2018-03-06', 49, 'visitor', '0', 1, '0', '0', '0000-00-00', 0, 0, '0', '0', NULL, NULL, NULL, 5, 0, NULL, NULL),
(193, 'Sohail Nawaz', 'info@acs-dubai.com', '0524835666', 98, 'ACS', '2018-03-06', 50, 'visitor', '0', 0, '0', '0', '0000-00-00', 0, 0, '0', '0', NULL, NULL, NULL, 5, 0, NULL, NULL),
(194, 'Raza', 'raza_mustafa4@yahoo.com', '?+971 55 937 0262?', 176, 'Rtw technical works', '2018-03-13', 32, 'visitor', '3', 1, '0', '0', '0000-00-00', 0, 0, '0', '0', NULL, NULL, NULL, 5, 0, NULL, NULL),
(195, 'Himanshu Arora', 'harora@etisalat.ae', '+971545649485', 72, 'Etisalat', '2018-03-13', 42, 'visitor', '0', 1, '0', '0', '0000-00-00', 0, 0, '0', '0', NULL, NULL, NULL, 5, 0, NULL, NULL),
(196, 'Daniel', 'Mdlengweng@gmail.com', '+971529917006', 33, 'Universal Fitness', '2018-03-13', 42, 'visitor', '1', 1, '0', '0', '0000-00-00', 0, 0, '0', '0', NULL, NULL, NULL, 5, 0, NULL, NULL),
(197, 'Mukesh', 'Masher@eim.ae', '0506512781', 177, 'Rocket General Trading LLC', '2018-03-13', 36, 'visitor', '2', 1, '0', '0', '0000-00-00', 0, 0, '0', '0', NULL, NULL, NULL, 5, 0, NULL, NULL),
(198, 'Mukesh Bathija', 'mukesh@technoid.ae', '0506523757', 178, 'TECHNOID FZE', '2018-03-13', 36, 'visitor', '1', 1, '0', '0', '0000-00-00', 0, 0, '0', '0', NULL, NULL, NULL, 5, 0, NULL, NULL),
(199, 'David Delbecq', 'david.delbecq@tanint.com', '0505424537', 179, 'Tangent International', '2018-03-20', 16, 'visitor', '0', 0, '0', '0', '0000-00-00', 0, 0, '0', '0', NULL, NULL, NULL, 5, 0, NULL, NULL),
(200, 'Imran Iqbal', 'Imran.iqbal@taag.ae', '050 3456 238', 180, 'TAAG', '2018-03-20', 16, 'visitor', '0', 0, '0', '0', '0000-00-00', 0, 0, '0', '0', NULL, NULL, NULL, 5, 0, NULL, NULL),
(201, 'Darragh Gallagher', 'Gallagherfinance@gmail.com', '056 144 6492', 181, 'Holborn Assets', '2018-03-20', 16, 'visitor', '0', 0, '0', '0', '0000-00-00', 0, 0, '0', '0', NULL, NULL, NULL, 5, 0, NULL, NULL),
(202, 'Austin Joy', 'purpledgeevents@gmail.com', '0565334420', 62, 'Purple edge Events', '2018-03-13', 50, 'visitor', '1', 1, '0', '0', '0000-00-00', 0, 0, '0', '0', NULL, NULL, NULL, 5, 0, NULL, NULL),
(204, 'Mirka Vavrova', 'mirka@pkf-tch.com', '+971522425239', 143, 'PKF The Consulting House', '2018-03-13', 45, 'visitor', '1', 1, '0', '0', '0000-00-00', 0, 0, '0', '0', NULL, NULL, NULL, 5, 0, NULL, NULL),
(205, 'Martin De Bonnis', 'martin@draculapp.com', '+971 56 829 7258', 119, 'Draculapp', '2018-03-13', 45, 'visitor', '1', 1, '0', '0', '0000-00-00', 0, 0, '0', '0', NULL, NULL, NULL, 5, 0, NULL, NULL),
(206, 'Rashad Fatairy', 'rashad@eleven-percent.com', '+971503428382', 117, 'Eleven Percent', '2018-03-13', 45, 'visitor', '1', 1, '0', '0', '0000-00-00', 0, 0, '0', '0', NULL, NULL, NULL, 5, 0, NULL, NULL),
(207, 'Monica Santosh', 'monica.santosh@routemobile.com', '0564122251', 84, 'Route Mobile', '2018-03-13', 42, 'visitor', '3', 1, '0', '0', '0000-00-00', 0, 0, '0', '0', NULL, NULL, NULL, 5, 0, NULL, NULL),
(208, 'Siddharth Keshkar', 'Care@eetee.in', '919604047748', 182, 'Eetee India ', '2018-03-13', 50, 'visitor', '0', 0, '0', '0', '0000-00-00', 0, 0, '0', '0', NULL, NULL, NULL, 5, 0, NULL, NULL),
(209, 'Sharad Kumar', 'sharad@routemobile.com', '056122251', 72, 'Route Mobile ', '2018-03-13', 42, 'visitor', '3', 1, '0', '0', '0000-00-00', 0, 0, '0', '0', NULL, NULL, NULL, 5, 0, NULL, NULL),
(210, 'Marilelle hooft ', 'marielle@studentjobs.ae', '050-9224098', 183, 'Student Jobs . Ae ', '2018-03-13', 32, 'visitor', '0', 1, '0', '0', '0000-00-00', 0, 0, '0', '0', NULL, NULL, NULL, 5, 0, NULL, NULL),
(211, 'Archana Natarajan', 'archana@archwayconsultants.me', '0508502292', 184, 'Archway Consultants', '2018-03-13', 34, 'visitor', '1', 1, '0', '0', '0000-00-00', 0, 0, '0', '0', NULL, NULL, NULL, 5, 0, NULL, NULL),
(212, 'Francis Penialber', 'fp@qsf-corp.com', '?+971 55 662 7110?', 185, 'QSF Corporate Services', '2018-03-13', 13, 'visitor', '1', 1, '0', '0', '0000-00-00', 0, 0, '0', '0', NULL, NULL, NULL, 5, 0, NULL, NULL),
(213, 'Lyndon Magsino', 'chairman@phbusinessschool.com', '0567875747', 140, 'Philippine Business School', '2018-03-13', 13, 'visitor', '0', 1, '0', '0', '0000-00-00', 0, 0, '0', '0', NULL, NULL, NULL, 5, 0, NULL, NULL),
(214, 'Roland Nuqui', 'rolando@concepto.me', '?+971 55 579 9568?', 165, 'CONCEPTO MIDDLE EAST', '2018-03-13', 13, 'visitor', '1', 1, '0', '0', '0000-00-00', 0, 0, '0', '0', NULL, NULL, NULL, 5, 0, NULL, NULL),
(215, 'Eliska Pokorna', 'eli@cbcdubai.cz', '+971 52 873 5840', 175, 'Czech Business Council', '2018-03-13', 45, 'visitor', '1', 1, '0', '0', '0000-00-00', 0, 0, '0', '0', NULL, NULL, NULL, 5, 0, NULL, NULL),
(216, 'Shivam Sharma', 'shivam@thecharcoalshop.com', '+971506610125', 186, 'The Charcoal Shop ', '2018-03-13', 50, 'visitor', '1', 1, '0', '0', '0000-00-00', 0, 0, '0', '0', NULL, NULL, NULL, 5, 0, NULL, NULL),
(217, 'Katerina', 'katerina@organicashop.me', '+971 50 908 7871', 168, 'Organic Shop', '2018-03-13', 45, 'visitor', '0', 0, '0', '0', '0000-00-00', 0, 0, '0', '0', NULL, NULL, NULL, 5, 0, NULL, NULL),
(218, 'Rajiv jain', 'abhishek_m@hotmail.com', '0561459300', 187, 'Holborn assets', '2018-03-13', 21, 'visitor', '0', 0, '0', '0', '0000-00-00', 0, 0, '0', '0', NULL, NULL, NULL, 5, 0, NULL, NULL),
(219, 'Rajiv jain', 'abhishek_m@hotmail.com', '0561459300', 188, 'Holborn assets', '2018-03-13', 21, 'visitor', '0', 0, '0', '0', '0000-00-00', 0, 0, '0', '0', NULL, NULL, NULL, 5, 0, NULL, NULL),
(220, 'Dalia ', 'Dsheiha@yahoo.com', '+971 50 236 9395', 189, 'DaliaSheiha', '2018-03-13', 49, 'visitor', '0', 0, '0', '0', '0000-00-00', 0, 0, '0', '0', NULL, NULL, NULL, 5, 0, NULL, NULL),
(221, 'Rupen Babhania', 'rb@sourcemind.me', '0566848939', 43, 'Source mind DWC', '2018-03-13', 37, 'visitor', '0', 0, '0', '0', '0000-00-00', 0, 0, '0', '0', NULL, NULL, NULL, 5, 0, NULL, NULL),
(222, 'Will Follett', 'Wfollett@restrata.com', '0504543206', 190, 'Restrata', '2018-03-20', 16, 'visitor', '0', 0, '0', '0', '0000-00-00', 0, 0, '0', '0', NULL, NULL, NULL, 5, 0, NULL, NULL),
(223, 'Hasen Al Masabi', 'hasen@crowdendue.com', '055 2141166', 191, 'Crowd Endue', '2018-03-20', 27, 'visitor', '0', 0, '0', '0', '0000-00-00', 0, 0, '0', '0', NULL, NULL, NULL, 5, 0, NULL, NULL),
(224, 'Adnan Abu Serieh', 'adnan@sanadeeg.com', '055 8798679', 192, 'Sanadeeg', '2018-03-20', 27, 'visitor', '0', 0, '0', '0', '0000-00-00', 0, 0, '0', '0', NULL, NULL, NULL, 5, 0, NULL, NULL),
(225, 'SMITI KHANNA', 'smiti@primas.ae', '+ 971507897001', 43, 'PRIMAS  GROUP OF COMPANIES ', '2018-03-20', 38, 'visitor', '0', 0, '0', '0', '0000-00-00', 0, 0, '0', '0', NULL, NULL, NULL, 5, 0, NULL, NULL),
(226, 'H.T.Roshan Rajapakse', 'roshan@gadgetsintl.com', ':+971-50-4956536', 156, 'Gadgets international.', '2018-03-20', 38, 'visitor', '0', 0, '0', '0', '0000-00-00', 0, 0, '0', '0', NULL, NULL, NULL, 5, 0, NULL, NULL),
(227, 'Sonali', 'pallawi.prakash@gmail.com', '0527985795', 121, 'Sonali creation', '2018-03-20', 18, 'visitor', '0', 0, '0', '0', '0000-00-00', 0, 0, '0', '0', NULL, NULL, NULL, 5, 0, NULL, NULL),
(228, ' Evelyn Tanhueco', 'evelyn.tanhueco@theartofshavingme.com', '+971523492020', 193, 'Art of shaving', '2018-03-20', 50, 'visitor', '0', 0, '0', '0', '0000-00-00', 0, 0, '0', '0', NULL, NULL, NULL, 5, 0, NULL, NULL),
(229, 'Daisy', 'info.pausestudio@gmail.com', '0561455886', 106, 'Pause', '2018-03-20', 41, 'visitor', '0', 0, '0', '0', '0000-00-00', 0, 0, '0', '0', NULL, NULL, NULL, 5, 0, NULL, NULL),
(230, 'Hiral patel', 'hiralpatel007@hotmail.com', '+971525215277', 194, 'Entrepreneur ', '2018-03-20', 51, 'visitor', '0', 0, '0', '0', '0000-00-00', 0, 0, '0', '0', NULL, NULL, NULL, 5, 0, NULL, NULL),
(231, 'Sufeena Hussain ', 'sufeenadxb@gmail.com', '+971502571214', 195, 'Entrepreneur ', '2018-03-20', 51, 'visitor', '0', 0, '0', '0', '0000-00-00', 0, 0, '0', '0', NULL, NULL, NULL, 5, 0, NULL, NULL),
(232, 'Vigil Powell', 'V-Powell@axon.ae', '?+971 54 462 9204?', 69, 'Axon Business Systems LLC', '2018-03-20', 24, 'visitor', '0', 0, '0', '0', '0000-00-00', 0, 0, '0', '0', NULL, NULL, NULL, 5, 0, NULL, NULL),
(233, 'Mahi Ali', 'emailmahiali@gmail.com', '0553262844', 99, 'Azizi Development', '2018-03-20', 22, 'visitor', '3', 1, '0', '0', '0000-00-00', 0, 0, '0', '0', NULL, NULL, NULL, 5, 0, NULL, NULL),
(234, 'Mr. Najam', 'najam@ghaa.ae', '0504629694', 97, 'Golden Harvest Intelligent Technologies', '2018-03-20', 22, 'visitor', '0', 0, '0', '0', '0000-00-00', 0, 0, '0', '0', NULL, NULL, NULL, 5, 0, NULL, NULL),
(235, 'Gurpreet Jajj', 'gurpreet@illuminate.ae', '971 52 624 3821', 149, 'Illuminate Software', '2018-03-20', 12, 'visitor', '0', 0, '0', '0', '0000-00-00', 0, 0, '0', '0', NULL, NULL, NULL, 5, 0, NULL, NULL),
(236, 'Floor van den Noordaa', 'floor@studentjobs.ae', '0569956555', 196, 'Student Jobs', '2018-03-20', 27, 'visitor', '0', 0, '0', '0', '0000-00-00', 0, 0, '0', '0', NULL, NULL, NULL, 5, 0, NULL, NULL),
(237, 'Amar Jajj', 'amar@illuminate.ae', '+971 52 624 3821', 149, 'Illuminate Software', '2018-03-20', 12, 'visitor', '0', 0, '0', '0', '0000-00-00', 0, 0, '0', '0', NULL, NULL, NULL, 5, 0, NULL, NULL),
(238, 'Diana', 'Diana@abjaddesign.com', '+971506415248', 197, 'Abjad design', '2018-03-20', 51, 'visitor', '0', 0, '0', '0', '0000-00-00', 0, 0, '0', '0', NULL, NULL, NULL, 5, 0, NULL, NULL),
(239, 'Miss. Amal ', 'amal@balsamblossomhoney.com', '0559159462', 198, 'Balsam & Blossom', '2018-03-20', 22, 'visitor', '0', 0, '0', '0', '0000-00-00', 0, 0, '0', '0', NULL, NULL, NULL, 5, 0, NULL, NULL),
(240, 'Juan C Ameijeiras', 'juanA@procure-web.com', '0558310640', 160, 'Procure Web', '2018-03-20', 22, 'visitor', '3', 1, '0', '0', '0000-00-00', 0, 0, '0', '0', NULL, NULL, NULL, 5, 0, NULL, NULL),
(241, 'Harish Malghani', '3530374@gmail.com', '0565354100', 199, 'Royal Motors', '2018-03-20', 29, 'visitor', '0', 0, '0', '0', '0000-00-00', 0, 0, '0', '0', NULL, NULL, NULL, 5, 0, NULL, NULL),
(242, 'Munash Unny', 'Monash.unny@ubrik.com', '+971 55 225 5911', 200, 'Ubrik', '2018-03-20', 27, 'visitor', '0', 0, '0', '0', '0000-00-00', 0, 0, '0', '0', NULL, NULL, NULL, 5, 0, NULL, NULL),
(243, 'Tarek Ayyad', 'tareqayyad@gmail.com', '056 672 3800', 180, 'Future Contracting Company', '2018-03-20', 27, 'visitor', '0', 0, '0', '0', '0000-00-00', 0, 0, '0', '0', NULL, NULL, NULL, 5, 0, NULL, NULL),
(244, 'Gary Thompson', 'gary.thompson@vz.ae', '055 332 4151', 201, 'Virtuzone', '2018-03-20', 16, 'visitor', '0', 0, '0', '0', '0000-00-00', 0, 0, '0', '0', NULL, NULL, NULL, 5, 0, NULL, NULL),
(245, 'Steven Morris', 'Steven.morris@dulsco.com', '0565 265 888', 202, 'DULSCO', '2018-03-20', 16, 'visitor', '0', 0, '0', '0', '0000-00-00', 0, 0, '0', '0', NULL, NULL, NULL, 5, 0, NULL, NULL),
(246, 'Anuj MAlik', 'info@eliteclubplanners.com', '0503537563', 203, 'Elite Club Planners', '2018-03-20', 22, 'visitor', '0', 0, '0', '0', '0000-00-00', 0, 0, '0', '0', NULL, NULL, NULL, 5, 0, NULL, NULL),
(247, 'Madhur Kakar', 'madhur@brrat.ae', '0559867947', 204, 'Brrat', '2018-03-20', 22, 'visitor', '0', 0, '0', '0', '0000-00-00', 0, 0, '0', '0', NULL, NULL, NULL, 5, 0, NULL, NULL),
(248, 'Harvey Steel', 'harvey.steel@tanint.com', '0528931630', 205, 'Tangent International', '2018-03-20', 16, 'visitor', '0', 0, '0', '0', '0000-00-00', 0, 0, '0', '0', NULL, NULL, NULL, 5, 0, NULL, NULL),
(249, 'Champa Bhatia', 'dr_bhatia51@hotmail.com', '?+971 50 459 2702?', 206, 'Cosmopolitan Medical Center', '2018-03-20', 12, 'visitor', '0', 0, '0', '0', '0000-00-00', 0, 0, '0', '0', NULL, NULL, NULL, 5, 0, NULL, NULL),
(250, 'Champa Bhatia', 'dr_bhatia51@hotmail.com', '?+971 50 459 2702?', 207, 'Cosmopolitan Medical Center', '2018-03-20', 12, 'visitor', '0', 0, '0', '0', '0000-00-00', 0, 0, '0', '0', NULL, NULL, NULL, 5, 0, NULL, NULL),
(251, 'David Delbecq', 'david.delbecq@tanint.com', '0505424537', 205, 'Tangent International', '2018-03-20', 16, 'visitor', '0', 0, '0', '0', '0000-00-00', 0, 0, '0', '0', NULL, NULL, NULL, 5, 0, NULL, NULL),
(252, 'Elites Bilai', 'alkarawanst@gmail.com', '0564043915', 77, 'Al Karawan Stationery', '2018-03-20', 29, 'visitor', '0', 0, '0', '0', '0000-00-00', 0, 0, '0', '0', NULL, NULL, NULL, 5, 0, NULL, NULL),
(253, 'Daniel Lengweng ', 'daniel@universalfitness.ae', '0529917006', 208, 'Universal Fitness', '2018-03-20', 50, 'visitor', '0', 0, '0', '0', '0000-00-00', 0, 0, '0', '0', NULL, NULL, NULL, 5, 0, NULL, NULL),
(254, 'Venkata Subramaniam', 'venkytax@gmail.com', '00919364541414', 109, 'A.John Morris & Co.', '2018-03-20', 29, 'guest', '0', 0, '0', '0', '0000-00-00', 0, 0, '0', '0', NULL, NULL, NULL, 5, 0, NULL, NULL),
(255, 'Tara Frost', 'frost.tara@gmail.com', '+971 52 956 8803', 140, 'Bradenton Preparatory Academy', '2018-03-27', 27, 'visitor', '0', 0, '0', '0', '0000-00-00', 0, 0, '0', '0', NULL, NULL, NULL, 5, 0, NULL, NULL),
(256, 'Floor van den Noordaa', 'floor@studentjobs.ae', '0569956555 ', 196, 'Student Jobs', '2018-03-27', 27, 'visitor', '0', 0, '0', '0', '0000-00-00', 0, 0, '0', '0', NULL, NULL, NULL, 5, 0, NULL, NULL),
(257, 'Biju', 'bk@gadgetsintl.com', '+971 50 462 1220', 200, 'Gadget Intl', '2018-04-03', 38, 'visitor', '0', 0, '0', '0', '0000-00-00', 0, 0, '0', '0', NULL, NULL, NULL, 5, 0, NULL, NULL),
(258, 'Krishna Mohan', 'krishna@exclusiveacrylic.com', '0507554963', 178, 'Exclusive Acrylic ', '2018-04-10', 38, 'visitor', '0', 1, '0', '0', '0000-00-00', 0, 0, '0', '0', NULL, NULL, NULL, 5, 0, NULL, NULL),
(259, 'Githin . S . Mohan', 'gith@techcapital.ae', '0547701107', 209, 'Techcapital', '2018-04-10', 48, 'visitor', '0', 1, '0', '0', '0000-00-00', 0, 0, '0', '0', NULL, NULL, NULL, 5, 0, NULL, NULL),
(260, 'Phil Bedford', 'philb@asentiv.com', '0508487188', 22, 'Asentiv', '2018-04-10', 38, 'visitor', '2', 1, '0', '0', '0000-00-00', 0, 0, '0', '0', NULL, NULL, NULL, 5, 0, NULL, NULL),
(261, 'Jan-Carl Stjernswärd', 'jan@lincolnassociates.net', '971 50 207 25 26', 155, 'Lincoln Associates', '2018-04-17', 38, 'visitor', '3', 1, '0', '0', '0000-00-00', 0, 0, '0', '0', NULL, NULL, NULL, 5, 0, NULL, NULL),
(262, 'Vipin Lokesh', 'Vipin@fppress.net', '+971568056988', 63, ' Fujairah National Printing Press', '2018-04-10', 48, 'visitor', '3', 1, '0', '0', '0000-00-00', 0, 0, '0', '0', NULL, NULL, NULL, 5, 0, NULL, NULL),
(263, 'Rehan Ali', 'rehan@rw-resources.com', '0551064247 ', 210, 'RWood Resources DMCC', '2018-04-10', 48, 'visitor', '0', 1, '0', '0', '0000-00-00', 0, 0, '0', '0', NULL, NULL, NULL, 5, 0, NULL, NULL),
(264, 'Jahanzaib Muhammad Hanif', 'jahanzaib.hanif@vistra.com', '0507757506', 211, 'Vistra Corporate Services', '2018-04-10', 48, 'visitor', '1', 1, '0', '0', '0000-00-00', 0, 0, '0', '0', NULL, NULL, NULL, 5, 0, NULL, NULL),
(265, 'Ross Jonathan Mall', 'rossjonathan89@gmail.com', '+971555575538', 62, 'Souq.com', '2018-04-10', 48, 'visitor', '1', 1, '0', '0', '0000-00-00', 0, 0, '0', '0', NULL, NULL, NULL, 5, 0, NULL, NULL),
(266, 'Manish Kumar', 'camanish.jss@gmailc.com', '00919886292533', 159, 'Tax advisors', '2018-04-10', 38, 'visitor', '0', 0, '0', '0', '0000-00-00', 0, 0, '0', '0', NULL, NULL, NULL, 5, 0, NULL, NULL),
(267, 'OliverPilapil', 'oliver.pilapil@pluscopartners.com', '0562190868', 212, 'PlusCoPartners', '2018-04-10', 39, 'visitor', '1', 1, '0', '0', '0000-00-00', 0, 0, '0', '0', NULL, NULL, NULL, 5, 0, NULL, NULL),
(268, 'Ahmed Noor', 'noor@beyond190.com', '+971 50 955 23 01', 172, 'Beyond 190 LLC', '2018-04-17', 38, 'visitor', '0', 1, '0', '0', '0000-00-00', 0, 0, '0', '0', NULL, NULL, NULL, 5, 0, NULL, NULL),
(269, 'Irina', 'sales@dubaicopyright.ae', '0569741680', 155, 'Dubai Copyright Office', '2018-04-17', 38, 'visitor', '0', 1, '0', '0', '0000-00-00', 0, 0, '0', '0', NULL, NULL, NULL, 5, 0, NULL, NULL),
(270, 'Tahmina', 'tahmina12agour@outlook.com', '+971543469357', 169, 'Forever', '2018-04-17', 18, 'visitor', '1', 1, '0', '0', '0000-00-00', 0, 0, '0', '0', NULL, NULL, NULL, 5, 0, NULL, NULL),
(271, 'Tanweer Ahmad', 'tanweer@pastnpresent.biz', '0504523770', 38, 'Past N Present', '2018-04-17', 7, 'visitor', '1', 1, '0', '0', '0000-00-00', 0, 0, '0', '0', NULL, NULL, NULL, 5, 0, NULL, NULL),
(272, 'Ajinkya Patil', 'ajinkya.patil@cloudscape.ae', '?+91 97563 26656?', 84, 'Cloudscape Technologies', '2018-04-17', 12, 'guest', '1', 1, '0', '0', '0000-00-00', 0, 0, '0', '0', NULL, NULL, NULL, 5, 0, NULL, NULL),
(273, 'Justine Dampt', 'justine@encas.me', '0558242309', 213, 'Encas', '2018-04-24', 12, 'visitor', '1', 1, '0', '0', '0000-00-00', 0, 0, '0', '0', NULL, NULL, NULL, 5, 0, NULL, NULL),
(274, 'Amir Qureshi', 'director@ikl.ae', '?+971 52 250 0477?', 155, 'IKL', '2018-04-17', 49, 'visitor', '3', 1, '0', '0', '0000-00-00', 0, 0, '0', '0', NULL, NULL, NULL, 5, 0, NULL, NULL),
(275, 'Deepak', 'deepak@repografixdubai.com', '+971 50 539 3984', 77, 'Toners', '2018-04-17', 36, 'visitor', '1', 1, '0', '0', '0000-00-00', 0, 0, '0', '0', NULL, NULL, NULL, 5, 0, NULL, NULL),
(277, 'savio Francis', 'savio@cakeologydubai.com', '0501316805', 35, 'Cakeology', '2018-04-24', 31, 'visitor', '2', 1, '0', '0', '0000-00-00', 0, 0, '0', '0', NULL, NULL, NULL, 5, 0, NULL, NULL),
(278, 'Vipin Lokesh', 'Vipin@fppress.net', '+971568056988', 63, 'Fujairah National Printing Press', '2018-04-24', 48, 'visitor', '0', 1, '0', '0', '0000-00-00', 0, 0, '0', '0', NULL, NULL, NULL, 5, 0, NULL, NULL),
(279, 'Tahmina Akhter', 'Tehmina@turoconsultant.com', '+971 52 770 7272', 214, 'TuRo Consulting ', '2018-04-24', 54, 'visitor', '1', 1, '0', '0', '0000-00-00', 0, 0, '0', '0', NULL, NULL, NULL, 5, 0, NULL, NULL),
(280, 'Zouheir Fathallah', 'admin@sippyme.com', '+971504199727', 215, 'Sippy Me', '2018-05-08', 12, 'visitor', '3', 1, '0', '0', '0000-00-00', 0, 0, '0', '0', NULL, NULL, NULL, 5, 0, NULL, NULL),
(281, 'Abdallah Al Sheddi', 'a.alsheddi@shoparty-sa.com', 'a.alsheddi@shoparty-sa.com', 216, 'Shoparty ', '2018-05-08', 12, 'visitor', '1', 1, '0', '0', '0000-00-00', 0, 0, '0', '0', NULL, NULL, NULL, 5, 0, NULL, NULL);
INSERT INTO `tbl_invitations` (`inv_id`, `inv_name`, `inv_email`, `inv_phone`, `inv_category`, `inv_compnay`, `inv_date`, `inv_invitedBy`, `inv_type`, `inv_status`, `inv_called`, `inv_visited`, `inv_form_filled`, `inv_interview_date`, `inv_interviewedBy1`, `inv_interviewedBy2`, `inv_voting_done`, `inv_selection_status`, `inv_category_text`, `inv_invitedBy_text`, `inv_form_filled_date`, `chapter_id`, `inv_rating`, `inv_comments`, `documents`) VALUES
(282, 'Junaid Khamisani', 'junaid@taktical.com', '0558239061', 99, 'TAKTICAL REALITY GROUP', '2018-05-08', 48, 'guest', '0', 0, '0', '0', '0000-00-00', 0, 0, '0', '0', NULL, NULL, NULL, 5, 0, NULL, NULL),
(283, 'Mh Shahid ', 'Mohammad.shahid@smartmindgroup.com', '+971 55 918 8331', 217, 'Smart Mind Group ', '2018-05-08', 49, 'visitor', '1', 1, '0', '0', '0000-00-00', 0, 0, '0', '0', NULL, NULL, NULL, 5, 0, NULL, NULL),
(284, 'Bhavin Gandhi', 'bhavin.gandhi@infintrixglobal.com', '+919987977606', 94, 'Infintrix Global', '2018-05-07', 27, 'guest', '1', 1, '0', '0', '2018-05-07', 0, 0, '0', '0', NULL, NULL, NULL, 5, 0, NULL, NULL),
(287, 'Vijay Shyam Ganesh', 'soveerya@gmail.com', '919845135599', 99, 'Soveerya', '2018-05-08', 27, 'guest', '1', 1, '0', '0', '0000-00-00', 0, 0, '0', '0', NULL, NULL, NULL, 5, 0, NULL, NULL),
(288, 'Parul Sethi', 'Parul.Sethi@unicity.com', '+971544967072', 158, 'Unicity', '2018-05-15', 38, 'visitor', '0', 1, '0', '0', '0000-00-00', 0, 0, '0', '0', NULL, NULL, NULL, 5, 0, NULL, NULL),
(289, 'Asif Sultan', 'financeadmin@xingtechnologies.com', '0501676930', 59, 'Xing Technologies Limited', '2018-05-15', 48, 'visitor', '0', 1, '0', '0', '0000-00-00', 0, 0, '0', '0', NULL, NULL, NULL, 5, 0, NULL, NULL),
(290, 'Mohsin Ashraf', 'financeadmin@xingtechnologies.com', '0501676930', 59, 'Xing Technologies Limited', '2018-05-15', 48, 'visitor', '1', 1, '0', '0', '0000-00-00', 0, 0, '0', '0', NULL, NULL, NULL, 5, 0, NULL, NULL),
(292, 'Shaikh Akram', 'skwaseemakram@hotmail.com', '0521478727 ', 218, 'Aspiriti Recruitment DMCC', '2018-05-15', 48, 'guest', '0', 0, '0', '0', '0000-00-00', 0, 0, '0', '0', NULL, NULL, NULL, 5, 0, NULL, NULL),
(293, 'Zohaib Haider', 'haider@illuminate.ae', '0509460186', 149, 'Illuminate', '2018-05-15', 46, 'visitor', '1', 1, '0', '0', '0000-00-00', 0, 0, '0', '0', NULL, NULL, NULL, 5, 0, NULL, NULL),
(294, 'Ali Al Adib', 'Aladib.ali@gmail.com', '0529075420', 65, 'FAM Properties ', '2018-05-15', 29, 'visitor', '1', 1, '0', '0', '0000-00-00', 0, 0, '0', '0', NULL, NULL, NULL, 5, 0, NULL, NULL),
(295, 'Michelle Crosby', 'michelle@trro.com', '0544322257', 220, 'TRRO', '2018-05-15', 53, 'visitor', '1', 1, '0', '0', '0000-00-00', 0, 0, '0', '0', NULL, NULL, NULL, 5, 0, NULL, NULL),
(296, 'Samar Das Hela', 'samardashela@gmail.com', '0545995551', 117, 'Digisalat Group FZ LLE', '2018-05-22', 22, 'visitor', '1', 1, '0', '0', '0000-00-00', 0, 0, '0', '0', NULL, NULL, NULL, 5, 0, NULL, NULL),
(297, 'Vinod Kannan ', 'vinod@axonfilters.com', '0526923177', 221, 'Axon filters', '2018-05-22', 33, 'visitor', '2', 1, '0', '0', '0000-00-00', 0, 0, '0', '0', NULL, NULL, NULL, 5, 0, NULL, NULL),
(298, 'Daniya Umbetova', 'daniya.umbrtova@gmail.com', '0562239565', 222, 'Nutrition ', '2018-05-22', 21, 'visitor', '0', 0, '0', '0', '0000-00-00', 0, 0, '0', '0', NULL, NULL, NULL, 5, 0, NULL, NULL),
(299, 'Rajnish Khurana', 'rajnish.khurana@renewsysfze.com', '+971526905570', 223, 'RenewSys', '2018-05-29', 44, 'visitor', '1', 1, '0', '0', '0000-00-00', 0, 0, '0', '0', NULL, NULL, NULL, 5, 0, NULL, NULL),
(300, 'Bojan Tesic', 'bojantes@gmail.com', '+971 56 175 1248', 224, 'Modular General Contract', '2018-05-29', 27, 'guest', '1', 1, '0', '0', '0000-00-00', 0, 0, '0', '0', NULL, NULL, NULL, 5, 0, NULL, NULL),
(301, 'Aparna Deepak', 'aparna@smarthr.ae', '0567205925', 43, 'SMART HR', '2018-05-29', 27, 'guest', '1', 1, '0', '0', '0000-00-00', 0, 0, '0', '0', NULL, NULL, NULL, 5, 0, NULL, NULL),
(302, 'Nadeem', 'nadeem@carolina.ae', '050 645 1473', 225, 'Carolina Fabrics', '2018-05-28', 22, 'guest', '1', 1, '0', '0', '2018-05-28', 0, 0, '0', '0', NULL, NULL, NULL, 5, 0, NULL, NULL),
(303, 'Adnan Anjum', 'dano_786@hotmail.com', '0556058422', 226, 'The Four Technical Services LLC', '2018-05-28', 22, 'visitor', '1', 0, '0', '0', '2018-05-28', 0, 0, '0', '0', NULL, NULL, NULL, 5, 0, NULL, NULL),
(304, 'Parul', 'rishi@premierbrains.com', '0544967072', 1, 'Premier Brains', '2018-05-28', 22, 'guest', '0', 0, '0', '0', '2018-05-28', 0, 0, '0', '0', NULL, NULL, NULL, 5, 0, NULL, NULL),
(305, 'Adnan Anjum', 'dano_786@hotmail.com', '+971556058422', 226, 'The Four Technical Services LLC', '2018-05-29', 22, 'visitor', '1', 1, '0', '0', '2018-05-29', 0, 0, '0', '0', NULL, NULL, NULL, 5, 0, NULL, NULL),
(306, 'Parul', 'rishi@premier-brains.com', '0503946911', 1, 'Premier Brains', '2018-05-29', 38, 'visitor', '0', 0, '0', '0', '2018-05-29', 0, 0, '0', '0', NULL, NULL, NULL, 5, 0, NULL, NULL),
(307, 'Mohammed Afzal Hussain', 'afzal@alrashdeendecor.com', '0559893351', 122, 'Al Rashdeen LLC', '2018-06-05', 48, 'visitor', '1', 1, '0', '0', '0000-00-00', 0, 0, '0', '0', NULL, NULL, NULL, 5, 0, NULL, NULL),
(308, 'Syed A Abbas', 'syed.abbas@maxconsolutions.com', '0559803182', 227, 'Maxcon Solutions', '2018-06-05', 38, 'visitor', '1', 1, '0', '0', '0000-00-00', 0, 0, '0', '0', NULL, NULL, NULL, 5, 0, NULL, NULL),
(309, 'Himanshu', 'avikara201@gmail.com', '0527220068', 228, 'Avikara Foodstuff Trading', '2018-06-05', 38, 'visitor', '1', 1, '0', '0', '0000-00-00', 0, 0, '0', '0', NULL, NULL, NULL, 5, 0, NULL, NULL),
(310, 'Jerome', 'jerome@a-game.ae', '0561703355', 82, 'A GAME MARKETING ', '2018-06-05', 37, 'guest', '1', 1, '0', '0', '0000-00-00', 0, 0, '0', '0', NULL, NULL, NULL, 5, 0, NULL, NULL),
(311, 'Sunil', 'sunil@alonsa.com', '505512007', 229, 'Alonsa', '2018-06-12', 17, 'visitor', '0', 0, '0', '0', '0000-00-00', 0, 0, '0', '0', NULL, NULL, NULL, 5, 0, NULL, NULL),
(312, 'Sunil kanchandani', 'sunil@alonsa.com', '0505512007', 230, 'Alonsa', '2018-06-19', 17, 'visitor', '1', 1, '0', '0', '0000-00-00', 0, 0, '0', '0', NULL, NULL, NULL, 5, 0, NULL, NULL),
(313, 'Brian Cataoco', 'brian@creativezone.ae', '?+971 55 530 8392?', 211, 'Creative Zone', '2018-06-19', 13, 'visitor', '2', 1, '0', '0', '0000-00-00', 0, 0, '0', '0', NULL, NULL, NULL, 5, 0, NULL, NULL),
(315, 'Debbie', 'Debbiemariesimpson@gmail.com', '?050 478 3798?', 129, 'Terranova global', '2018-06-19', 7, 'visitor', '2', 1, '0', '0', '0000-00-00', 0, 0, '0', '0', NULL, NULL, NULL, 5, 0, NULL, NULL),
(316, 'Mathew Golding', 'matthew@swissgulfpartners.com', '+971527639250', 43, 'SWISS GULF PARTNERS', '2018-06-19', 48, 'visitor', '1', 1, '0', '0', '0000-00-00', 0, 0, '0', '0', NULL, NULL, NULL, 5, 0, NULL, NULL),
(317, 'Nondita', 'noni@spacezdesign.com', '0566254165', 178, 'Spaces Design', '2018-06-19', 9, 'visitor', '1', 1, '0', '0', '0000-00-00', 0, 0, '0', '0', NULL, NULL, NULL, 5, 0, NULL, NULL),
(318, 'Mohammed Akeel Kaxi', 'kazi@papchase.com', '0504547198', 231, 'PAPER CHASE ', '2018-06-19', 52, 'visitor', '1', 1, '0', '0', '0000-00-00', 0, 0, '0', '0', NULL, NULL, NULL, 5, 0, NULL, NULL),
(319, 'Tejaswini Tina Chavan ', 'tina@prospecz.com', '+971 55 186 2054', 160, 'Prospecz', '2018-06-19', 46, 'visitor', '1', 1, '0', '0', '0000-00-00', 0, 0, '0', '0', NULL, NULL, NULL, 5, 0, NULL, NULL),
(320, 'Gautam Nanda', 'sales@papchase.com', '0505521739', 232, 'International Paper ', '2018-06-19', 52, 'guest', '2', 1, '0', '0', '0000-00-00', 0, 0, '0', '0', NULL, NULL, NULL, 5, 0, NULL, NULL),
(321, 'Ali ghiai', 'ali@puori.com', '0566518434', 233, 'Puori', '2018-06-26', 17, 'visitor', '2', 1, '0', '0', '0000-00-00', 0, 0, '0', '0', NULL, NULL, NULL, 5, 0, NULL, NULL),
(322, 'Maryam mansouri', 'maryammansouri@hotmail.com', '0504103037', 234, 'Mansouri', '2018-06-26', 17, 'visitor', '0', 1, '0', '0', '0000-00-00', 0, 0, '0', '0', NULL, NULL, NULL, 5, 0, NULL, NULL),
(326, 'Rafi Dikranian', 'rafi.dikranian@gmail.com', '055 4168123', 236, 'Sippy ME', '2018-06-26', 12, 'visitor', '1', 1, '0', '0', '0000-00-00', 0, 0, '0', '0', NULL, NULL, NULL, 5, 0, NULL, NULL),
(327, 'Paulos', 'paulos.z@bhomes.com', '0552055772', 101, 'Better homes', '2018-06-26', 17, 'visitor', '1', 1, '0', '0', '0000-00-00', 0, 0, '0', '0', NULL, NULL, NULL, 5, 0, NULL, NULL),
(328, 'Matthew Golding', 'matthew@swissgulfpartners.com', '+971527639250', 43, 'Swiss Gulf Partners', '2018-06-26', 48, 'visitor', '1', 1, '0', '0', '0000-00-00', 0, 0, '0', '0', NULL, NULL, NULL, 5, 0, NULL, NULL),
(329, 'Varghese Kallukaran', 'varghese@bizdynamicsme.com', '+971559788439', 18, 'BizDynamics', '2018-06-25', 25, 'visitor', '1', 1, '0', '0', '2018-06-25', 0, 0, '0', '0', NULL, NULL, NULL, 5, 0, NULL, NULL),
(330, 'Is Anand', 'jsanand@levastau.com', '0507360150', 237, 'Leva', '2018-06-26', 9, 'visitor', '0', 0, '0', '0', '0000-00-00', 0, 0, '0', '0', NULL, NULL, NULL, 5, 0, NULL, NULL),
(331, 'Ali', 'Ali@puori.com', '0566518434', 233, 'Puori', '2018-07-03', 17, 'visitor', '1', 1, '0', '0', '0000-00-00', 0, 0, '0', '0', NULL, NULL, NULL, 5, 0, NULL, NULL),
(332, 'Anamika Vajpayi', 'anamikavajpeyi@gmail.com', '?052 675 6562?', 238, 'Anamika Vanpeyi', '2018-07-03', 49, 'visitor', '1', 1, '0', '0', '0000-00-00', 0, 0, '0', '0', NULL, NULL, NULL, 5, 0, NULL, NULL),
(337, 'Kamaljit Parmar ', 'Kamaljitparmar@yahoo.com', '+971 55 7445152', 91, 'Lee Wok ', '2018-07-03', 42, 'visitor', '0', 1, '0', '0', '0000-00-00', 0, 0, '0', '0', NULL, NULL, NULL, 5, 0, NULL, NULL),
(338, 'Kapil Naik', 'kapil@legendsstudios.com', '0557237034', 239, 'Al Ahli Group', '2018-07-03', 55, 'visitor', '0', 0, '0', '0', '0000-00-00', 0, 0, '0', '0', NULL, NULL, NULL, 5, 0, NULL, NULL),
(339, 'Matthew Carter', 'mcarter@ame-ts.com', '0553683294', 97, 'AME Technical Services', '2018-07-03', 39, 'visitor', '0', 0, '0', '0', '0000-00-00', 0, 0, '0', '0', NULL, NULL, NULL, 5, 0, NULL, NULL),
(340, 'Judy Regodon', 'judy@younoh.com', '+971524709258', 117, 'Younoh Media', '2018-07-10', 42, 'visitor', '0', 0, '0', '0', '0000-00-00', 0, 0, '0', '0', NULL, NULL, NULL, 5, 0, NULL, NULL),
(341, 'Irina Agamyradova', 'sales@dubaicopyright.ae', '+971 56 974 16 80', 240, 'Dubai Copyright Office', '2018-07-10', 38, 'visitor', '0', 0, '0', '0', '0000-00-00', 0, 0, '0', '0', NULL, NULL, NULL, 5, 0, NULL, NULL),
(342, 'Ashwin Kalantri', 'ashwin@powertexme.com', '0528379999', 126, 'Powertex General Trading LLC', '2018-07-10', 55, 'visitor', '0', 0, '0', '0', '0000-00-00', 0, 0, '0', '0', NULL, NULL, NULL, 5, 0, NULL, NULL),
(343, 'Sagar Garg', 'gargsagar31@outlook.com', '0554093188', 149, 'Renaissance Accounting and Bookeeping ', '2018-07-10', 36, 'visitor', '0', 0, '0', '0', '0000-00-00', 0, 0, '0', '0', NULL, NULL, NULL, 5, 0, NULL, NULL),
(344, 'Mohit', 'Mohit.belani@massarsolutions.ae', '+971 50 446 8565', 162, 'Massar solutions ', '2018-07-17', 18, 'visitor', '1', 1, '0', '0', '0000-00-00', 0, 0, '0', '0', NULL, NULL, NULL, 5, 0, NULL, NULL),
(345, 'Iman Al Qasim ', 'iman.alqasim@gmail.com', '0504564949', 241, 'The Gift Wrap Boutique', '2018-07-17', 22, 'visitor', '3', 1, '0', '0', '0000-00-00', 0, 0, '0', '0', NULL, NULL, NULL, 5, 0, NULL, NULL),
(346, 'Jaber', 'jabirwaljipl@gmail.com', '0529794563', 18, 'Systematic Innovation and Artizzan Cheeze', '2018-07-17', 38, 'guest', '1', 1, '0', '0', '0000-00-00', 0, 0, '0', '0', NULL, NULL, NULL, 5, 0, NULL, NULL),
(375, 'Malini', 'maliniohri@gmail.com', '0557944264', 86, 'Splendour Beauty and hair Center', '2018-07-17', 18, 'visitor', '2', 1, '0', '0', '0000-00-00', 0, 0, '0', '0', NULL, NULL, NULL, 5, 0, NULL, NULL),
(382, 'Raslan', 'raslanchiro@hotmail.com', '&#8237;+971 50 723 5598&#8236;', 242, 'Al Biraa Clinic', '2018-07-17', 53, 'visitor', '2', 1, '0', '0', '0000-00-00', 0, 0, '0', '0', NULL, NULL, NULL, 5, 0, NULL, NULL),
(383, 'Anis somji', 'Anis@somji.com', '+971 55 995 3572', 82, 'Somji', '2018-07-24', 32, 'visitor', '0', 0, '0', '0', '0000-00-00', 0, 0, '0', '0', NULL, NULL, NULL, 5, 0, NULL, NULL),
(384, 'Hussein somji', 'Hussein@somji.com', '+971 55 995 3572', 82, 'Somji', '2018-07-24', 32, 'guest', '0', 0, '0', '0', '0000-00-00', 0, 0, '0', '0', NULL, NULL, NULL, 5, 0, NULL, NULL),
(385, 'Dr Arvind kittur', 'arvind.kittur@apexmedicalclinics.com', '+971 52 909 1619', 112, 'apex medical clinics', '2018-07-24', 32, 'visitor', '0', 0, '0', '0', '0000-00-00', 0, 0, '0', '0', NULL, NULL, NULL, 5, 0, NULL, NULL),
(386, 'Ajoy kane', 'ak@apexmedicalclinics.com', '+971 55 558 0968', 243, 'apex medical clinics', '2018-07-24', 32, 'visitor', '1', 1, '0', '0', '0000-00-00', 0, 0, '0', '0', NULL, NULL, NULL, 5, 0, NULL, NULL),
(387, 'Nadim Mourad', 'nadim.mourad@tarjama.ae', '0526666199', 244, 'Tarjama', '2018-07-24', 27, 'visitor', '1', 1, '0', '0', '0000-00-00', 0, 0, '0', '0', NULL, NULL, NULL, 5, 0, NULL, NULL),
(388, 'FERDINAND JULIAN', 'ferdinand@XOcompany.org', '0552246278', 102, 'XO Controls', '2018-07-24', 13, 'visitor', '2', 1, '0', '0', '0000-00-00', 0, 0, '0', '0', NULL, NULL, NULL, 5, 0, NULL, NULL),
(391, 'Ali Razvi', 'alirazv@gmail.com', '0526597080', 246, 'DAC ', '2018-07-24', 42, 'visitor', '2', 1, '0', '0', '0000-00-00', 0, 0, '0', '0', NULL, NULL, NULL, 5, 0, NULL, NULL),
(392, 'Keith Dallison', 'kdindubai@gmail.com', '050 343 5473', 245, 'Keith Dallison', '2018-07-24', 16, 'visitor', '1', 0, '0', '0', '0000-00-00', 0, 0, '0', '0', NULL, NULL, NULL, 5, 0, NULL, NULL),
(394, 'Rajitha', 'krreddy72@gmail.com', '0553424354', 128, 'supreme maids cleaning services', '2018-07-31', 18, 'visitor', '1', 1, '0', '0', '0000-00-00', 0, 0, '0', '0', NULL, NULL, NULL, 5, 0, NULL, NULL),
(395, 'Zohaib Haider', 'haider@illuminate.ae', '0509460186', 247, 'Illuminate', '2018-07-31', 46, 'guest', '1', 1, '0', '0', '0000-00-00', 0, 0, '0', '0', NULL, NULL, NULL, 5, 0, NULL, NULL),
(396, 'Stanislava Ralhmanova', 'Stasya.rakhmanova@wyndhamdubai.com', '0563399033', 129, 'Wyndham Hotel', '2018-07-31', 6, 'guest', '1', 1, '0', '0', '0000-00-00', 0, 0, '0', '0', NULL, NULL, NULL, 5, 0, NULL, NULL),
(397, 'Betsy Cordova', 'Betsy.cordova@wyndhamdubai.com', '0556939336', 129, 'Wyndham Hotel', '2018-07-31', 6, 'visitor', '1', 0, '0', '0', '0000-00-00', 0, 0, '0', '0', NULL, NULL, NULL, 5, 0, NULL, NULL),
(398, 'Adel Maymoon', 'adel@adelmaymoon.com', '0502919233', 64, 'Adel Maymoon PR', '2018-08-07', 27, 'visitor', '2', 0, '0', '0', '0000-00-00', 0, 0, '0', '0', NULL, NULL, NULL, 5, 0, NULL, NULL),
(399, 'Abigail de Jong', 'abigail@stylextend.com', '+971528698000', 121, 'Stylextend', '2018-08-07', 45, 'visitor', '2', 1, '0', '0', '0000-00-00', 0, 0, '0', '0', NULL, NULL, NULL, 5, 0, NULL, NULL),
(400, 'Simon Ellis', 'simon.ellis@gargashmotors.com', '0565065388', 11, 'Gargash Motors & General Trading', '2018-08-07', 7, 'visitor', '2', 1, '0', '0', '0000-00-00', 0, 0, '0', '0', NULL, NULL, NULL, 5, 0, NULL, NULL),
(401, 'Krista Coyle', 'krista@digitalfarm.ae', '0568236632', 117, 'Digital Farm', '2018-08-07', 7, 'visitor', '1', 1, '0', '0', '0000-00-00', 0, 0, '0', '0', NULL, NULL, NULL, 5, 0, NULL, NULL),
(402, 'Tanya Pillai', 'tanya@simple-uae.com', '0529396000', 75, 'Allegra Events', '2018-08-07', 6, 'visitor', '2', 0, '0', '0', '0000-00-00', 0, 0, '0', '0', NULL, NULL, NULL, 5, 0, NULL, NULL),
(404, 'Irene osegere', 'osegere@gmail.com', '050', 31, 'Strategic exhibitions and events', '2018-09-04', 32, 'visitor', '0', 0, '0', '0', '0000-00-00', 0, 0, '0', '0', NULL, NULL, NULL, 5, 0, NULL, NULL),
(405, 'Shritama', 'sreetamamishra@gmail.com', '0543211179', 248, 'eazy diner', '2018-09-04', 18, 'guest', '0', 1, '0', '0', '0000-00-00', 0, 0, '0', '0', NULL, NULL, NULL, 5, 0, NULL, NULL),
(406, 'Nishant', 'nishant@eazydiner.com', '0507537191', 0, 'Eazydiner', '2018-09-04', 18, 'visitor', '1', 1, '0', '0', '0000-00-00', 0, 0, '0', '0', NULL, NULL, NULL, 5, 0, NULL, NULL),
(407, 'Vigil Powell', 'v-powell@axon.ae', '0544629204', 69, 'Axon', '2018-09-04', 24, 'visitor', '0', 1, '0', '0', '0000-00-00', 0, 0, '0', '0', NULL, NULL, NULL, 5, 0, NULL, NULL),
(408, 'Vivek Sharma', 'vivek@var-MEA.com', '0506510113', 76, 'VAR Media', '2018-09-04', 21, 'visitor', '1', 1, '0', '0', '0000-00-00', 0, 0, '0', '0', NULL, NULL, NULL, 5, 0, NULL, NULL),
(409, 'Ryan Morgan', 'ryan@zenhr.com', '0521888461', 249, 'ZenHR', '2018-09-18', 7, 'visitor', '1', 1, '0', '0', '0000-00-00', 0, 0, '0', '0', NULL, NULL, NULL, 5, 0, NULL, NULL),
(410, 'Abdul', 'Akf@smartcrowd.ae', '+971 50 841 9099', 32, 'Smart crowd', '2018-09-18', 32, 'visitor', '1', 1, '0', '0', '0000-00-00', 0, 0, '0', '0', NULL, NULL, NULL, 5, 0, NULL, NULL),
(411, 'Jan Carl', 'jan@lincolnassociates.net', '0502072526', 250, 'Lincoln associates', '2018-09-18', 38, 'visitor', '2', 1, '0', '0', '0000-00-00', 0, 0, '0', '0', NULL, NULL, NULL, 5, 0, NULL, NULL),
(412, 'Chetan', 'chetan@mediumlargegroup.com', '0506343322', 0, 'Medium Large', '2018-09-18', 38, 'visitor', '0', 1, '0', '0', '0000-00-00', 0, 0, '0', '0', NULL, NULL, NULL, 5, 0, NULL, NULL),
(414, 'Maira', 'mairabookings@gmail.com', '00971564303094', 208, 'PLX', '2018-09-18', 53, 'visitor', '3', 1, '0', '0', '0000-00-00', 0, 0, '0', '0', NULL, NULL, NULL, 5, 0, NULL, NULL),
(415, 'Isaac Ndou ', 'Isaac@stayfit365.ae', '&#8237;055 810 2968&#8236;', 208, 'Stayfit365', '2018-09-25', 53, 'visitor', '0', 0, '0', '0', '0000-00-00', 0, 0, '0', '0', NULL, NULL, NULL, 5, 0, NULL, NULL),
(416, 'Sameer Rahman', 'SRahman@flair.ae', '&#8237;+971 56 503 6195&#8236;', 251, 'Flair SFX', '2018-09-25', 6, 'visitor', '0', 0, '0', '0', '0000-00-00', 0, 0, '0', '0', NULL, NULL, NULL, 5, 0, NULL, NULL),
(417, 'Victor ', 'Viktor@plxdxb.com', '0506869496', 252, 'PLX', '2018-09-25', 53, 'visitor', '0', 0, '0', '0', '0000-00-00', 0, 0, '0', '0', NULL, NULL, NULL, 5, 0, NULL, NULL),
(418, 'Amrith', 'amrith.v@gmail.com', '0509118058', 45, 'Lightbox', '2018-09-25', 6, 'visitor', '0', 0, '0', '0', '0000-00-00', 0, 0, '0', '0', NULL, NULL, NULL, 5, 0, NULL, NULL),
(419, 'Marie Adele', 'marie@princeav.com', '0526009704', 251, 'Prince Audio Visual', '2018-10-02', 10, 'visitor', '1', 1, '0', '0', '0000-00-00', 0, 0, '0', '0', NULL, NULL, NULL, 5, 0, NULL, NULL),
(420, 'Ms Cheryl Pinto', 'cheryl.p@growproconsultants.com', '+971 50 798 9121', 137, 'GrowPro Consultancy', '2018-10-02', 49, 'visitor', '2', 1, '0', '0', '0000-00-00', 0, 0, '0', '0', NULL, NULL, NULL, 5, 0, NULL, NULL),
(421, 'Anurag', 'anchor.anurag@gmail.com', '0503628167', 253, 'Zee TV', '2018-10-02', 21, 'visitor', '1', 1, '0', '0', '0000-00-00', 0, 0, '0', '0', NULL, NULL, NULL, 5, 0, NULL, NULL),
(422, 'Pramod', 'Pramod@dmworldme.com', '0505013642', 149, 'DM world ', '2018-10-02', 52, 'visitor', '1', 1, '0', '0', '0000-00-00', 0, 0, '0', '0', NULL, NULL, NULL, 5, 0, NULL, NULL),
(423, 'Deepa Bellani', 'deepa.bell@gmail.com', '0507232679', 86, 'Soul and Senses Spa and Salon', '2018-10-16', 29, 'visitor', '1', 1, '0', '0', '0000-00-00', 0, 0, '0', '0', NULL, NULL, NULL, 5, 0, NULL, NULL),
(424, 'Jonathan Sinasac', 'jonathan@leadingit.me', '0568084729', 78, 'Leading IT', '2018-10-16', 29, 'visitor', '1', 1, '0', '0', '0000-00-00', 0, 0, '0', '0', NULL, NULL, NULL, 5, 0, NULL, NULL),
(425, 'Mr. Charles Cabana', 'charles@uae-eu.com', '+971 56 441 2793', 201, 'Europe Emirates Group', '2018-10-16', 13, 'visitor', '1', 1, '0', '0', '0000-00-00', 0, 0, '0', '0', NULL, NULL, NULL, 5, 0, NULL, NULL),
(426, 'Ms. Rosalie Uz Zaman', 'rose@alamrime.com', '+971 55 552 9904', 127, 'Al Amri Labor Supply / Tad-Beer', '2018-10-16', 13, 'visitor', '2', 1, '0', '0', '0000-00-00', 0, 0, '0', '0', NULL, NULL, NULL, 5, 0, NULL, NULL),
(427, 'Feraz Hussain', 'ferazsiddique@gmail.com', '0561025608', 156, 'Velocity Mena DMCC', '2018-10-16', 38, 'visitor', '2', 1, '0', '0', '0000-00-00', 0, 0, '0', '0', NULL, NULL, NULL, 5, 0, NULL, NULL),
(428, 'Krishna ', 'info@expertlaborsupply.com', '0526207777', 254, 'Expert Labor Supply Services', '2018-10-16', 38, 'visitor', '1', 1, '0', '0', '0000-00-00', 0, 0, '0', '0', NULL, NULL, NULL, 5, 0, NULL, NULL),
(429, 'Sonali Aggarwal', 'sonali@giantfoodsllc.com', '0527944492', 91, 'Giant Foods', '2018-10-16', 10, 'visitor', '2', 1, '0', '0', '0000-00-00', 0, 0, '0', '0', NULL, NULL, NULL, 5, 0, NULL, NULL),
(430, 'Sumeet Aggarwal', 'sumeet@giant-entertainment.com', '0506772980', 91, 'Giant Foods', '2018-10-16', 10, 'guest', '2', 1, '0', '0', '0000-00-00', 0, 0, '0', '0', NULL, NULL, NULL, 5, 0, NULL, NULL),
(431, 'Naser', 'saraauto.noida@gmail.com', '0553095169', 199, 'Sara Auto Dubai', '2018-10-16', 38, 'visitor', '3', 1, '0', '0', '0000-00-00', 0, 0, '0', '0', NULL, NULL, NULL, 5, 0, NULL, NULL),
(432, 'Monika Gupta', 'monika@tamona.ae', '0566950048', 82, 'ORB Genesis General trading LLC (tamona.ae)', '2018-10-16', 42, 'visitor', '2', 0, '0', '0', '0000-00-00', 0, 0, '0', '0', NULL, NULL, NULL, 5, 0, NULL, NULL),
(433, 'Ashfaq Hussain', 'ashfaq@qer.ae', '050 4815377 ', 255, 'Quality Equipment Rental', '2018-10-16', 22, 'visitor', '1', 1, '0', '0', '0000-00-00', 0, 0, '0', '0', NULL, NULL, NULL, 5, 0, NULL, NULL),
(434, 'Raghunanandanan ', 'raghu.nair@valtotechnologies.com', '0502041801', 151, 'Valto', '2018-10-16', 52, 'visitor', '2', 1, '0', '0', '0000-00-00', 0, 0, '0', '0', NULL, NULL, NULL, 5, 0, NULL, NULL),
(435, 'Amrita Sethi', 'amritasethi@wealtht.com', '0506559560', 46, 'Continental Insurance Brokers', '2018-10-30', 11, 'guest', '1', 1, '0', '0', '0000-00-00', 0, 0, '0', '0', NULL, NULL, NULL, 5, 0, NULL, NULL),
(436, 'Adam Woolcock', 'adam@carrotandstick.ae', '+971508781743', 200, 'Carrot and Stick', '2018-10-23', 45, 'visitor', '1', 1, '0', '0', '0000-00-00', 0, 0, '0', '0', NULL, NULL, NULL, 5, 0, NULL, NULL),
(437, 'Tomas Reger', 'cheftom.co@gmail.com', '+971 50 157 9101', 91, 'Chef Tom', '2018-10-23', 45, 'visitor', '1', 1, '0', '0', '0000-00-00', 0, 0, '0', '0', NULL, NULL, NULL, 5, 0, NULL, NULL),
(438, 'Cheryl Pinto ', 'cheryl.p@growproconsultants.com', '+971 50 798 9121', 137, 'Growpro Consultancy ', '2018-10-23', 49, 'visitor', '2', 1, '0', '0', '0000-00-00', 0, 0, '0', '0', NULL, NULL, NULL, 5, 0, NULL, NULL),
(439, 'Damian Calderbank', 'dcalderbank@proavl-mea.com', '0522302882', 256, 'Pro AVL MEA', '2018-10-23', 16, 'visitor', '1', 1, '0', '0', '0000-00-00', 0, 0, '0', '0', NULL, NULL, NULL, 5, 0, NULL, NULL),
(440, 'Mr Godfrey', 'godfrey@artesme.com', '0556452523', 251, 'Artes', '2018-10-23', 16, 'visitor', '1', 1, '0', '0', '0000-00-00', 0, 0, '0', '0', NULL, NULL, NULL, 5, 0, NULL, NULL),
(441, 'Komal Singh', 'komal.singh@kraftwerk-me.com', '0521884980', 257, 'Kraft-Werk', '2018-10-23', 10, 'visitor', '1', 1, '0', '0', '0000-00-00', 0, 0, '0', '0', NULL, NULL, NULL, 5, 0, NULL, NULL),
(442, 'Feraz Hussain', 'ferazsiddique@gmail.com', '0561025608', 156, 'Velocity MENA', '2018-10-23', 38, 'visitor', '3', 1, '0', '0', '0000-00-00', 0, 0, '0', '0', NULL, NULL, NULL, 5, 0, NULL, NULL),
(443, 'Raghunathan Srinivasan ', 'sraghunathan187@gmail.com', '+971 50 656 0721', 258, 'Mayfair Consulting', '2018-10-23', 6, 'guest', '1', 1, '0', '0', '0000-00-00', 0, 0, '0', '0', NULL, NULL, NULL, 5, 0, NULL, NULL),
(444, 'Stasya Rakhmanova', 'Stasya.rakhmanova@wyndhamdubai.com', '0563399033', 259, 'Tryp by Wyndham', '2018-10-30', 6, 'guest', '1', 1, '0', '0', '0000-00-00', 0, 0, '0', '0', NULL, NULL, NULL, 5, 0, NULL, NULL),
(445, 'Ahmed Badran', 'ahmed@atlaslt.com', '0508803310', 50, 'ATLAS Legal Translation', '2018-10-23', 37, 'visitor', '0', 0, '0', '0', '0000-00-00', 0, 0, '0', '0', NULL, NULL, NULL, 5, 0, NULL, NULL),
(446, 'Namrata Daga', 'namrata.daga@wyndhamdubai.com', '+ 971 52 6424989', 259, 'Tryp by Wyndham ', '2018-10-30', 6, 'visitor', '1', 1, '0', '0', '0000-00-00', 0, 0, '0', '0', NULL, NULL, NULL, 5, 0, NULL, NULL),
(447, 'Monika Gupta', 'monika@tamona.ae', '0566950048', 82, 'ORB Genesis General trading LLC (tamona.ae)', '2018-10-23', 42, 'visitor', '0', 1, '0', '0', '0000-00-00', 0, 0, '0', '0', NULL, NULL, NULL, 5, 0, NULL, NULL),
(448, 'Abdul Kader', 'akf@smartcrowd.ae', '0508419099', 260, 'Smart Crowd', '2018-10-30', 10, 'visitor', '2', 1, '0', '0', '0000-00-00', 0, 0, '0', '0', NULL, NULL, NULL, 5, 0, NULL, NULL),
(449, 'Marie Adele', 'marie@princeav.com', '0526009704', 251, 'Prince Audio Visual', '2018-10-30', 10, 'visitor', '0', 1, '0', '0', '0000-00-00', 0, 0, '0', '0', NULL, NULL, NULL, 5, 0, NULL, NULL),
(450, 'Tarun Gupta ', 'Tarungupta@surgimedgrp.com', '0567797033', 125, 'Golden Gate Holdings ', '2018-10-23', 42, 'visitor', '1', 0, '0', '0', '0000-00-00', 0, 0, '0', '0', NULL, NULL, NULL, 5, 0, NULL, NULL),
(451, 'Parambir Singh', 'sab13e13@yahoo.com', '0558891213', 173, 'Just A  Minute', '2018-10-30', 10, 'visitor', '3', 1, '0', '0', '0000-00-00', 0, 0, '0', '0', NULL, NULL, NULL, 5, 0, NULL, NULL),
(452, 'Manu Panicker', 'manupani@gmail.com', '0551429055', 3, 'Vision 5', '2018-10-23', 10, 'visitor', '0', 1, '0', '0', '0000-00-00', 0, 0, '0', '0', NULL, NULL, NULL, 5, 0, NULL, NULL),
(453, 'Rahesh Hanumant Toraskar', 'raheshtoraskar8228@gmail.com', '0508523148', 8, 'Toraskar Technical Services LLC', '2018-10-23', 10, 'visitor', '1', 0, '0', '0', '0000-00-00', 0, 0, '0', '0', NULL, NULL, NULL, 5, 0, NULL, NULL),
(454, 'Jayshree Mistry', 'Ur.remax@gmail.com', '+91 7777090540', 101, 'Remax Universal Realty', '2018-10-23', 10, 'guest', '1', 1, '0', '0', '0000-00-00', 0, 0, '0', '0', NULL, NULL, NULL, 5, 0, NULL, NULL),
(455, 'Giorgio Galli', 'g.galli@enoia.com', '0507191229', 27, 'ENOIA Group', '2018-10-23', 49, 'visitor', '1', 0, '0', '0', '0000-00-00', 0, 0, '0', '0', NULL, NULL, NULL, 5, 0, NULL, NULL),
(456, 'Tarun', 'tarun.sethi@hdfcbank.com', '0529532133', 185, 'HDFC', '2018-10-30', 18, 'visitor', '2', 1, '0', '0', '0000-00-00', 0, 0, '0', '0', NULL, NULL, NULL, 5, 0, NULL, NULL),
(457, 'Mohammed reza', 'mohammedreza@live.com', '0544587796', 15, 'Al Mahra contracting', '2018-10-30', 32, 'visitor', '3', 1, '0', '0', '0000-00-00', 0, 0, '0', '0', NULL, NULL, NULL, 5, 0, NULL, NULL),
(458, 'Ernest Godfrey ', 'godfrey@artesme.com', '0556452523', 261, 'Artes ', '2018-10-30', 16, 'visitor', '0', 1, '0', '0', '0000-00-00', 0, 0, '0', '0', NULL, NULL, NULL, 5, 0, NULL, NULL),
(459, 'Joel Betham', 'joel@artesme.com', '055 8951898', 262, 'Artes', '2018-10-30', 16, 'visitor', '1', 1, '0', '0', '0000-00-00', 0, 0, '0', '0', NULL, NULL, NULL, 5, 0, NULL, NULL),
(460, 'Aletha Hedegaard', 'aletha@puredigital.io', '+971 55 716 13 60', 263, 'Pure Digital', '2018-10-30', 27, 'visitor', '3', 0, '0', '0', '0000-00-00', 0, 0, '0', '0', NULL, NULL, NULL, 5, 0, NULL, NULL),
(461, 'Minaz', 'minaz.nawab@gmail.com', '+971 55 507 1547', 264, 'X', '2018-10-30', 32, 'visitor', '0', 1, '0', '0', '0000-00-00', 0, 0, '0', '0', NULL, NULL, NULL, 5, 0, NULL, NULL),
(462, 'Kamlesh', 'Kamlesh@atelierconsultancy.com', '+971 50 850 5754', 265, 'Atelier consultancy', '2018-10-30', 32, 'visitor', '3', 1, '0', '0', '0000-00-00', 0, 0, '0', '0', NULL, NULL, NULL, 5, 0, NULL, NULL),
(463, 'Ahmed Badran ', 'Ahmed@atlaslt.com', '0508813310', 50, 'Atlas legal translations ', '2018-10-30', 37, 'visitor', '0', 0, '0', '0', '0000-00-00', 0, 0, '0', '0', NULL, NULL, NULL, 5, 0, NULL, NULL),
(465, 'Ebin Eliase', 'ebin@rightvows.com', '0554839659', 184, 'Right Vows', '2018-10-30', 52, 'visitor', '3', 1, '0', '0', '0000-00-00', 0, 0, '0', '0', NULL, NULL, NULL, 5, 0, NULL, NULL),
(466, 'Maria', 'Maria@littlemisswellness.net', '+971559998576', 222, 'Little Miss Wellness', '2018-10-30', 11, 'visitor', '0', 0, '0', '0', '0000-00-00', 0, 0, '0', '0', NULL, NULL, NULL, 5, 0, NULL, NULL),
(467, 'Muhammad Manji', 'muhammad@daybreakgt.com', '+971504549855', 266, 'Automyze', '2018-11-06', 12, 'visitor', '1', 1, '0', '0', '0000-00-00', 0, 0, '0', '0', NULL, NULL, NULL, 5, 0, NULL, NULL),
(468, 'Rosalie Uz Zaman', 'rose@alamrime.com', '055 552 9904', 127, 'Al Amri labor Supply Services', '2018-11-06', 13, 'guest', '1', 1, '0', '0', '0000-00-00', 0, 0, '0', '0', NULL, NULL, NULL, 5, 0, NULL, NULL),
(469, 'Farid Uz Zaman', 'rose@alamrime.com', '055 552 9904', 267, 'Tad-Beer', '2018-11-06', 13, 'visitor', '1', 1, '0', '0', '0000-00-00', 0, 0, '0', '0', NULL, NULL, NULL, 5, 0, NULL, NULL),
(470, 'Ian Holton', 'ian@wooqer.com', '055 5916552', 149, 'Wooqer', '2018-11-06', 13, 'visitor', '2', 1, '0', '0', '0000-00-00', 0, 0, '0', '0', NULL, NULL, NULL, 5, 0, NULL, NULL),
(471, 'Charles Cabana', 'Charles@uae-eu.com', '+971 56 441 2793', 201, 'Europe Emirates Group', '2018-11-06', 13, 'visitor', '3', 1, '0', '0', '0000-00-00', 0, 0, '0', '0', NULL, NULL, NULL, 5, 0, NULL, NULL),
(472, 'Komal Singh', 'komal.singh@kraftwerk-me.com', '0521884980', 257, 'Kraftwerk', '2018-11-06', 10, 'visitor', '1', 1, '0', '0', '0000-00-00', 0, 0, '0', '0', NULL, NULL, NULL, 5, 0, NULL, NULL),
(473, 'Ebin Eliase', 'ebin@rightvows.com', '+971554839659', 254, 'Right vows', '2018-11-06', 52, 'visitor', '3', 1, '0', '0', '0000-00-00', 0, 0, '0', '0', NULL, NULL, NULL, 5, 0, NULL, NULL),
(474, 'Zaynah Taouri', 'zaynah@cafu.ae', '0557096424', 129, 'Cafu', '2018-11-06', 34, 'visitor', '1', 1, '0', '0', '0000-00-00', 0, 0, '0', '0', NULL, NULL, NULL, 5, 0, NULL, NULL),
(475, 'Maurice Tanas', 'maurice@cafu.ae', '0506257845', 129, 'Cafu', '2018-11-06', 34, 'visitor', '1', 1, '0', '0', '0000-00-00', 0, 0, '0', '0', NULL, NULL, NULL, 5, 0, NULL, NULL),
(476, 'Ahmed Elgayyar', 'a.elgayyar@dreamsoft.ae', '+971565069408', 135, 'Dreamsoft', '2018-11-13', 45, 'visitor', '0', 1, '0', '0', '0000-00-00', 0, 0, '0', '0', NULL, NULL, NULL, 5, 0, NULL, NULL),
(478, 'FAISAL HAMZE', 'faisal.hamze@jcb.com', '0501404429', 269, 'JCB POWER PRODUCTS', '2018-11-13', 13, 'visitor', '2', 1, '0', '0', '0000-00-00', 0, 0, '0', '0', NULL, NULL, NULL, 5, 0, NULL, NULL),
(482, 'Aletha Hedegaard', 'aletha@puredigital.io', '+971 55 716 13 60', 263, 'Pure Digital', '2018-11-13', 27, 'guest', '1', 1, '0', '0', '0000-00-00', 0, 0, '0', '0', NULL, NULL, NULL, 5, 0, NULL, NULL),
(484, 'JIMSEN', 'jimsenjames@gmail.com', '+971521475007', 108, 'JCB DMCC', '2018-11-13', 13, 'guest', '1', 1, '0', '0', '0000-00-00', 0, 0, '0', '0', NULL, NULL, NULL, 5, 0, NULL, NULL),
(485, 'MS. EDILYN RIVERA', 'promakeupboutique@gmail.com', '0502052906', 169, 'BEAUTY BOX ', '2018-11-13', 13, 'visitor', '0', 1, '0', '0', '0000-00-00', 0, 0, '0', '0', NULL, NULL, NULL, 5, 0, NULL, NULL),
(486, 'Gavin Gleason', 'gavin@pura.ae', '056 728 0781', 91, 'Pura', '2018-11-13', 56, 'visitor', '0', 0, '0', '0', '0000-00-00', 0, 0, '0', '0', NULL, NULL, NULL, 5, 0, NULL, NULL),
(487, 'Arshad Ali ', 'arshadali1@gmail.com', '0506001677', 22, 'LeaderArt International ', '2018-11-20', 32, 'visitor', '2', 1, '0', '0', '0000-00-00', 0, 0, '0', '0', NULL, NULL, NULL, 5, 0, NULL, NULL),
(488, 'Vrushabh ', 'vrushabh.c@hotmail.com', '0526910082', 274, 'Skoot ', '2018-11-20', 32, 'visitor', '3', 1, '0', '0', '0000-00-00', 0, 0, '0', '0', NULL, NULL, NULL, 5, 0, NULL, NULL),
(489, 'Sanket Khanna', 'Sanket@snsprop.com', '0554152975', 3, 'SNS Advertising', '2018-11-20', 36, 'visitor', '2', 1, '0', '0', '0000-00-00', 0, 0, '0', '0', NULL, NULL, NULL, 5, 0, NULL, NULL),
(490, 'Vedansh Asera', 'info@mitrainc.in', '+91 94487 01000', 275, 'BNI Yaghnaa Bangalore', '2018-11-20', 27, 'guest', '0', 1, '0', '0', '0000-00-00', 0, 0, '0', '0', NULL, NULL, NULL, 5, 0, NULL, NULL),
(491, 'Debbie Simpson Pudney', 'Debbiemariesimpson@gmail.com', '&#8237;050 478 3798&#8236;', 201, 'Terranova Global', '2018-11-27', 7, 'visitor', '1', 1, '0', '0', '0000-00-00', 0, 0, '0', '0', NULL, NULL, NULL, 5, 0, NULL, NULL),
(492, 'Andy Yiacoumi', 'andy@creditmanpro.com', '&#8237;056 748 1820&#8236;', 150, 'CMS Credit Management Services', '2018-11-27', 7, 'visitor', '1', 1, '0', '0', '0000-00-00', 0, 0, '0', '0', NULL, NULL, NULL, 5, 0, NULL, NULL),
(493, 'Shilpi Singh', 'shilpi@proteckglobal.com', '0505572127', 277, 'Proteck Global / Oji', '2018-11-27', 42, 'visitor', '0', 1, '0', '0', '0000-00-00', 0, 0, '0', '0', NULL, NULL, NULL, 5, 0, NULL, NULL),
(494, 'Gunjan ', 'gunjan.s@fetchr.us', '0507559788', 92, 'Fetchr', '2018-11-27', 42, 'visitor', '0', 1, '0', '0', '0000-00-00', 0, 0, '0', '0', NULL, NULL, NULL, 5, 0, NULL, NULL),
(495, 'Shameem ', 'msshaikh@fedex.com', '0504526425', 25, 'Fedex', '2018-11-27', 42, 'guest', '0', 1, '0', '0', '0000-00-00', 0, 0, '0', '0', NULL, NULL, NULL, 5, 0, NULL, NULL),
(496, 'Sameer Rahman', 'srahman@flairsfx.ae', '0565036195', 251, 'Flair SFX', '2018-11-27', 6, 'visitor', '3', 1, '0', '0', '0000-00-00', 0, 0, '0', '0', NULL, NULL, NULL, 5, 0, NULL, NULL),
(497, 'Rajan Thomas', 'rajan@andymannhart.ae', '0506584346', 148, 'Andy Mannhart', '2018-11-27', 6, 'visitor', '0', 0, '0', '0', '0000-00-00', 0, 0, '0', '0', NULL, NULL, NULL, 5, 0, NULL, NULL),
(498, 'Yash Shah', 'yash.shah@imagine.ae', '0552110169', 276, 'Imagine', '2018-11-27', 6, 'visitor', '1', 1, '0', '0', '0000-00-00', 0, 0, '0', '0', NULL, NULL, NULL, 5, 0, NULL, NULL),
(499, 'Mr. Faisal', 'Faisal.HAMZE@jcb.com', '+971501404429', 268, 'JCB Sales Limited', '2018-11-27', 13, 'visitor', '3', 1, '0', '0', '0000-00-00', 0, 0, '0', '0', NULL, NULL, NULL, 5, 0, NULL, NULL),
(501, 'Colin Beaton', 'colin@limelight.ae', '050 378 9544', 265, 'Limelight Creative Services', '2018-11-27', 56, 'visitor', '0', 1, '0', '0', '0000-00-00', 0, 0, '0', '0', NULL, NULL, NULL, 5, 0, NULL, NULL),
(502, 'Abdel Mosin Jaber', 'a.jaber@alsafrins.ae', '0551085902', 278, 'Al Sagr Insurance', '2018-11-27', 25, 'visitor', '0', 0, '0', '0', '0000-00-00', 0, 0, '0', '0', NULL, NULL, NULL, 5, 0, NULL, NULL),
(503, 'Hambal mohsin', 'Hambal.mohasin@dhl.com', '0503833476', 115, 'DHL', '2018-11-27', 52, 'visitor', '0', 0, '0', '0', '0000-00-00', 0, 0, '0', '0', NULL, NULL, NULL, 5, 0, NULL, NULL),
(504, 'Hambal Mohsin', 'Hambal.mohasin@dhl.com', '0503433876', 92, 'DHL courier', '2018-11-27', 52, 'visitor', '0', 0, '0', '0', '0000-00-00', 0, 0, '0', '0', NULL, NULL, NULL, 5, 0, NULL, NULL),
(505, 'Sheik Habeed', 'sheik@mikeandsheik.com', '0525587858', 178, 'Mike and Sheik Partners', '2018-11-27', 24, 'visitor', '0', 0, '0', '0', '0000-00-00', 0, 0, '0', '0', NULL, NULL, NULL, 5, 0, NULL, NULL),
(506, 'Enakshi', 'enakshi@swissadvantage.net', '0094777873976', 279, 'swiss advantage', '2018-12-04', 18, 'guest', '1', 0, '0', '0', '0000-00-00', 0, 0, '0', '0', NULL, NULL, NULL, 5, 0, NULL, NULL),
(507, 'Malik', 'malik@swissadvantage.net', '0094777873976', 279, 'swiss advantage', '2018-12-04', 18, 'guest', '1', 0, '0', '0', '0000-00-00', 0, 0, '0', '0', NULL, NULL, NULL, 5, 0, NULL, NULL),
(508, 'Preetam Shetty', 'commercial@mmf.ae', '971504573687', 42, 'MMF Solutions ', '2018-12-11', 58, 'visitor', '1', 1, '0', '0', '0000-00-00', 0, 0, '0', '0', NULL, NULL, NULL, 5, 0, NULL, NULL),
(509, 'Lav', 'launganilavi@gmail.com', '055550210', 182, 'Rashmitex', '2018-12-04', 12, 'visitor', '3', 1, '0', '0', '0000-00-00', 0, 0, '0', '0', NULL, NULL, NULL, 5, 0, NULL, NULL),
(510, 'Ms. Marina Dsouza', 'marinapdza@gmail.com', '+971 52 871 0908', 150, 'Glorysky Business Center', '2018-12-04', 13, 'visitor', '3', 1, '0', '0', '0000-00-00', 0, 0, '0', '0', NULL, NULL, NULL, 5, 0, NULL, NULL),
(511, 'Nasser', 'nasser@avantidubai.com', '0506266620', 74, 'Avanti tourism ', '2018-12-04', 18, 'visitor', '2', 1, '0', '0', '0000-00-00', 0, 0, '0', '0', NULL, NULL, NULL, 5, 0, NULL, NULL),
(512, 'Reshma', 'Info2diva@gmail.com', '0552197196', 86, 'Divalicious salon', '2018-12-04', 18, 'visitor', '0', 1, '0', '0', '0000-00-00', 0, 0, '0', '0', NULL, NULL, NULL, 5, 0, NULL, NULL),
(513, 'Arun Veerappan', 'arun.veerappan16@gmail.com', '0557713205', 210, 'Platinum Group', '2018-12-11', 52, 'visitor', '0', 1, '0', '0', '0000-00-00', 0, 0, '0', '0', NULL, NULL, NULL, 5, 0, NULL, NULL),
(514, 'Shajahan ', 'alisonfzc@gmail.com', '+971555069839', 280, 'Alison', '2018-12-11', 52, 'visitor', '0', 1, '0', '0', '0000-00-00', 0, 0, '0', '0', NULL, NULL, NULL, 5, 0, NULL, NULL),
(515, 'Injeel moti', 'injeel@catchcomms.com', '0567128092', 281, 'Catch communicatuons', '2018-12-18', 32, 'visitor', '3', 1, '0', '0', '0000-00-00', 0, 0, '0', '0', NULL, NULL, NULL, 5, 0, NULL, NULL),
(516, 'Hambal Mohsin', 'Hambal.mohasin@dhl.com', '0503433876', 25, 'DHL ', '2018-12-11', 52, 'visitor', '0', 1, '0', '0', '0000-00-00', 0, 0, '0', '0', NULL, NULL, NULL, 5, 0, NULL, NULL),
(517, 'Kika Karam', 'kika@solecleanse.ae', '055209067829', 141, 'Sole Cleanse', '2018-12-18', 12, 'visitor', '1', 1, '0', '0', '0000-00-00', 0, 0, '0', '0', NULL, NULL, NULL, 5, 0, NULL, NULL),
(518, 'Deepak Bhatia', 'deepakrbhatia@gmail.com', '0559530678', 65, 'Damas', '2018-12-18', 32, 'visitor', '1', 1, '0', '0', '0000-00-00', 0, 0, '0', '0', NULL, NULL, NULL, 5, 0, NULL, NULL),
(519, 'Sameer m', 'sameer26@outlook.com', '0503403180', 20, 'Enagic independent distributor', '2018-12-11', 52, 'visitor', '0', 0, '0', '0', '0000-00-00', 0, 0, '0', '0', NULL, NULL, NULL, 5, 0, NULL, NULL),
(520, 'Deepa Bellani', 'deepa.bell@gmail.com', '0507232679', 86, 'Soul and Senses Spa and Salon', '2018-12-11', 29, 'visitor', '2', 1, '0', '0', '0000-00-00', 0, 0, '0', '0', NULL, NULL, NULL, 5, 0, NULL, NULL),
(521, 'Harish Malghani', '3530374@gmail.com', '0565354100', 199, 'True Value Automobiles ', '2018-12-11', 29, 'visitor', '2', 1, '0', '0', '0000-00-00', 0, 0, '0', '0', NULL, NULL, NULL, 5, 0, NULL, NULL),
(522, 'Purnima Gajamer', 'purnima@heathergreycollective.com', '0564662038', 38, 'Heathergrey Collective ', '2018-12-11', 58, 'visitor', '2', 1, '0', '0', '0000-00-00', 0, 0, '0', '0', NULL, NULL, NULL, 5, 0, NULL, NULL),
(523, 'Rodney', 'rodney@technoid.ae', '0501545939', 178, 'Technoid FZE', '2018-12-11', 36, 'visitor', '0', 1, '0', '0', '0000-00-00', 0, 0, '0', '0', NULL, NULL, NULL, 5, 0, NULL, NULL),
(524, 'Shahid Imran', 'shahidimran900@gmail.com', '055-5281660', 101, 'Qube One', '2018-12-18', 16, 'visitor', '0', 1, '0', '0', '0000-00-00', 0, 0, '0', '0', NULL, NULL, NULL, 5, 0, NULL, NULL),
(525, 'Reem Shaheen', 'reemshaheen@clearmindscenter.com', '0529497850', 238, 'ClearMinds Center for Emotional Health', '2018-12-11', 27, 'visitor', '1', 1, '0', '0', '0000-00-00', 0, 0, '0', '0', NULL, NULL, NULL, 5, 0, NULL, NULL),
(526, 'Waleed Saeed', 'waleed@cubic.ae', '0552999916', 227, 'Cubic Systems', '2018-12-11', 27, 'visitor', '1', 1, '0', '0', '0000-00-00', 0, 0, '0', '0', NULL, NULL, NULL, 5, 0, NULL, NULL),
(527, ' Mouteih Chaghlil', 'mc@falcon9.io', '050 506 7716', 282, 'Falcon 9', '2018-12-11', 27, 'visitor', '1', 1, '0', '0', '0000-00-00', 0, 0, '0', '0', NULL, NULL, NULL, 5, 0, NULL, NULL),
(528, 'Ahmed Dawood', 'ahmed.d@banke.ae', '0564998006', 65, 'Bankr', '2018-12-11', 18, 'visitor', '1', 1, '0', '0', '0000-00-00', 0, 0, '0', '0', NULL, NULL, NULL, 5, 0, NULL, NULL),
(529, 'nasser', 'n70badawi@gmail.com', '0501626620', 74, 'Avanti Tourism', '2018-12-11', 18, 'visitor', '0', 1, '0', '0', '0000-00-00', 0, 0, '0', '0', NULL, NULL, NULL, 5, 0, NULL, NULL),
(530, 'Khushi', 'Info2diva@gmail.com', '0552197196', 146, 'Divalicious saloon', '2018-12-11', 18, 'visitor', '1', 1, '0', '0', '0000-00-00', 0, 0, '0', '0', NULL, NULL, NULL, 5, 0, NULL, NULL),
(531, 'Tanweer Ahmad ', 'tanweer@pastnpresent.biz', '0504523770', 38, 'Past N Present ', '2018-12-11', 7, 'visitor', '2', 1, '0', '0', '0000-00-00', 0, 0, '0', '0', NULL, NULL, NULL, 5, 0, NULL, NULL),
(532, 'Seema Nambiar', 'seema@skandaedu.com', '0508537484', 220, 'Skanda LLC', '2018-12-11', 18, 'visitor', '2', 1, '0', '0', '0000-00-00', 0, 0, '0', '0', NULL, NULL, NULL, 5, 0, NULL, NULL),
(533, 'Marie Adele', 'marie@princeav.com', '0526009704', 251, 'Prince Audio Visual', '2018-12-11', 10, 'visitor', '0', 0, '0', '0', '0000-00-00', 0, 0, '0', '0', NULL, NULL, NULL, 5, 0, NULL, NULL),
(534, 'Kiron Khira', 'kkhira@emaar.ae', '0559745753', 148, 'Emaar Development PJSC', '2018-12-11', 22, 'visitor', '0', 0, '0', '0', '0000-00-00', 0, 0, '0', '0', NULL, NULL, NULL, 5, 0, NULL, NULL),
(535, 'Shahrukh Masoor', 'shahrukh.masood@motiongatedubai.com', '0509562048', 283, 'Dubai Parks', '2018-12-11', 22, 'visitor', '1', 1, '0', '0', '0000-00-00', 0, 0, '0', '0', NULL, NULL, NULL, 5, 0, NULL, NULL),
(536, 'Rajesh Bandal', 'turatprinters@gmail.com', '0556165552', 284, 'Trust printets', '2018-12-18', 9, 'visitor', '0', 0, '0', '0', '0000-00-00', 0, 0, '0', '0', NULL, NULL, NULL, 5, 0, NULL, NULL),
(537, 'Mark Atkinson', 'info@www.weareblackandwhite.com', '+971 50 457 5469 ', 244, 'Black & White', '2018-12-18', 16, 'visitor', '1', 1, '0', '0', '0000-00-00', 0, 0, '0', '0', NULL, NULL, NULL, 5, 0, NULL, NULL),
(538, 'Kapil Naik', 'kaptoons@gmail.com', '0557237034', 239, 'Al ahli group', '2018-12-18', 55, 'visitor', '1', 1, '0', '0', '0000-00-00', 0, 0, '0', '0', NULL, NULL, NULL, 5, 0, NULL, NULL),
(539, 'Ashwin kalantri', 'ashwin.k@powertexme.com', '0528379999', 268, 'Powertex General Trading', '2018-12-18', 55, 'visitor', '0', 1, '0', '0', '0000-00-00', 0, 0, '0', '0', NULL, NULL, NULL, 5, 0, NULL, NULL),
(540, 'Imran Hassan', 'Imran80hassan@gmail.com', '+971 50 237 1004', 200, 'IMRAN', '2018-12-18', 45, 'visitor', '0', 1, '0', '0', '0000-00-00', 0, 0, '0', '0', NULL, NULL, NULL, 5, 0, NULL, NULL),
(542, 'Adam Woolcock', 'adam@carrotandstick.ae', '+971 50 878 1743', 135, 'Carrot and Stick', '2018-12-18', 45, 'visitor', '1', 1, '0', '0', '0000-00-00', 0, 0, '0', '0', NULL, NULL, NULL, 5, 0, NULL, NULL),
(544, 'Lauren Haworth', 'lauren.haworth@googlemail.com', '+971 52 3965929', 135, 'Film Fixers Africa', '2018-12-18', 45, 'visitor', '2', 1, '0', '0', '0000-00-00', 0, 0, '0', '0', NULL, NULL, NULL, 5, 0, NULL, NULL),
(545, 'Khuram', 'info@wistech.biz', '000000000', 14, 'Dummy', '2019-01-25', 22, 'visitor', '0', 0, '0', '0', '0000-00-00', 0, 0, '0', '0', NULL, NULL, NULL, 5, 0, NULL, NULL),
(547, 'Yash Naik', 'yashnaik@navifly.org', '0586657619', 285, 'Navifly', '2018-12-18', 32, 'visitor', '0', 1, '0', '0', '0000-00-00', 0, 0, '0', '0', NULL, NULL, NULL, 5, 0, NULL, NULL),
(548, 'Shakeel Butt', 'shakeel.butt@groupmerx.com', '+971 56 1430 438', 18, 'Group Merx', '2018-12-18', 45, 'visitor', '1', 1, '0', '0', '0000-00-00', 0, 0, '0', '0', NULL, NULL, NULL, 5, 0, NULL, NULL),
(549, 'Hiraen Joshi', 'hiraen@tascoutsourcing.com', '0545844690', 43, 'TASC Outsourcing', '2018-12-18', 37, 'visitor', '0', 1, '0', '0', '0000-00-00', 0, 0, '0', '0', NULL, NULL, NULL, 5, 0, NULL, NULL),
(550, 'Debbie Hewitt', 'debbie@mindsolutions.ae', '0558165147', 286, 'Mind Solutions', '2018-12-18', 37, 'guest', '0', 1, '0', '0', '0000-00-00', 0, 0, '0', '0', NULL, NULL, NULL, 5, 0, NULL, NULL),
(551, 'Chetan KOTECHA ', 'chetan.countygroup@gmail.com', '0555364303', 156, 'Devbpo ', '2018-12-18', 37, 'visitor', '0', 1, '0', '0', '0000-00-00', 0, 0, '0', '0', NULL, NULL, NULL, 5, 0, NULL, NULL),
(552, 'Shakeel Butt', 'shakeel.butt@groupmerx.com', '+971 561430438', 18, 'Merx Group', '2018-12-16', 45, 'visitor', '0', 0, '0', '0', '2018-12-16', 0, 0, '0', '0', NULL, NULL, NULL, 5, 0, NULL, NULL),
(554, 'Kaajal Chatlani', 'kaajalrc@gmail.com', '0564544253', 77, 'Al Wafrah Stationery ', '2018-12-18', 29, 'visitor', '2', 1, '0', '0', '0000-00-00', 0, 0, '0', '0', NULL, NULL, NULL, 5, 0, NULL, NULL),
(555, 'Sadaf Tauqir', 'sadaf@sadaftauqir.com', '0555015626', 137, 'Sadaf Tauqir', '2018-12-18', 44, 'visitor', '1', 1, '0', '0', '0000-00-00', 0, 0, '0', '0', NULL, NULL, NULL, 5, 0, NULL, NULL),
(556, 'Abdul Nazer', 'abdulnazer@teejan.ae', '0502559261', 37, 'Teejan Carpets', '2018-12-18', 44, 'visitor', '0', 1, '0', '0', '0000-00-00', 0, 0, '0', '0', NULL, NULL, NULL, 5, 0, NULL, NULL),
(557, 'Farha Anwar', 'farha@brushtip-me.com', '0526858577', 3, 'Brush Tip Advertising', '2018-12-18', 44, 'visitor', '2', 1, '0', '0', '0000-00-00', 0, 0, '0', '0', NULL, NULL, NULL, 5, 0, NULL, NULL),
(558, 'Shelley Biggins', 'sb@heroleads.com', '055 6060 770', 200, 'Hero Leads', '2018-12-18', 56, 'visitor', '2', 1, '0', '0', '0000-00-00', 0, 0, '0', '0', NULL, NULL, NULL, 5, 0, NULL, NULL),
(559, 'Asma', 'asma@creativfish.net', '0555893939', 24, 'Creativ Fish', '2019-01-08', 36, 'guest', '0', 0, '0', '0', '0000-00-00', 0, 0, '0', '0', NULL, NULL, NULL, 5, 0, NULL, NULL),
(560, 'Subhash Joshi', 'subhashj@frost.com', '0567686450', 87, 'Frost & Sullivan', '2019-01-15', 38, 'visitor', '2', 1, '0', '0', '0000-00-00', 0, 0, '0', '0', NULL, NULL, NULL, 5, 0, NULL, NULL),
(561, 'Narayan Ramaswamy', 'narayan@blendfinance.com', '0554091706', 93, 'Blend Management Services FZCO', '2019-01-15', 38, 'visitor', '1', 1, '0', '0', '0000-00-00', 0, 0, '0', '0', NULL, NULL, NULL, 5, 0, NULL, NULL),
(562, 'Abhinav', 'contact@threesquare.ae', '0556959775', 228, 'Three Square General Trading LLC', '2019-01-15', 38, 'visitor', '0', 1, '0', '0', '0000-00-00', 0, 0, '0', '0', NULL, NULL, NULL, 5, 0, NULL, NULL),
(563, 'HITESH', 'hiteshbr@gmail.com', '0557272022', 287, 'Arooha tourism', '2019-01-15', 18, 'visitor', '0', 1, '0', '0', '0000-00-00', 0, 0, '0', '0', NULL, NULL, NULL, 5, 0, NULL, NULL),
(564, 'Bhavika', 'moreishcafedxb@gmail.com', '0581656048', 288, 'Moreish Cafe', '2019-01-15', 18, 'visitor', '3', 1, '0', '0', '0000-00-00', 0, 0, '0', '0', NULL, NULL, NULL, 5, 0, NULL, NULL),
(565, 'Michal Dusek', 'michal@squaremotion.me', '+971 55 928 2057', 62, 'Square Motion', '2019-01-15', 45, 'visitor', '1', 1, '0', '0', '0000-00-00', 0, 0, '0', '0', NULL, NULL, NULL, 5, 0, NULL, NULL),
(566, 'Emilie Solano', 'Solano.emilie@gmail.com', '+971 56 385 1096', 178, 'AXA', '2019-01-15', 45, 'visitor', '1', 1, '0', '0', '0000-00-00', 0, 0, '0', '0', NULL, NULL, NULL, 5, 0, NULL, NULL),
(567, 'Hiraen ', 'Hiraen@tascoutsourcing.com', '0554213321', 43, 'Tasc outsourcing ', '2019-01-15', 37, 'visitor', '0', 1, '0', '0', '0000-00-00', 0, 0, '0', '0', NULL, NULL, NULL, 5, 0, NULL, NULL),
(568, 'Meet Oza', 'meetoza87@yahoo.com', '0551246365', 288, 'Maharaja Express', '2019-01-15', 18, 'visitor', '0', 1, '0', '0', '0000-00-00', 0, 0, '0', '0', NULL, NULL, NULL, 5, 0, NULL, NULL),
(569, 'Foad', 'fnasr@invdistrict.com', '0504347695', 124, 'Inv Distrcit', '2019-01-22', 12, 'visitor', '1', 1, '0', '0', '0000-00-00', 0, 0, '0', '0', NULL, NULL, NULL, 5, 0, NULL, NULL),
(570, 'Hakim bellahcen ', 'hbellahcen@mafcarrefour.com', '+971 56 410 6801', 141, 'Carrefour', '2019-01-22', 32, 'visitor', '3', 1, '0', '0', '0000-00-00', 0, 0, '0', '0', NULL, NULL, NULL, 5, 0, NULL, NULL),
(571, 'Nick Clements', 'nick@ampersandglobal.com', '0569851111', 24, 'Ampersand', '2019-01-22', 32, 'visitor', '0', 1, '0', '0', '0000-00-00', 0, 0, '0', '0', NULL, NULL, NULL, 5, 0, NULL, NULL),
(572, 'Nawroz Mamdani', 'nawroz@banke.ae', '0556120796', 101, 'Banke Real Estate ', '2019-01-22', 29, 'visitor', '3', 1, '0', '0', '0000-00-00', 0, 0, '0', '0', NULL, NULL, NULL, 5, 0, NULL, NULL),
(573, 'Sohail Rizvi', 'director@cee.org.pk', '0586347701', 289, 'Institute of Knowledge & Leadership FZE', '2019-01-22', 22, 'guest', '1', 1, '0', '0', '0000-00-00', 0, 0, '0', '0', NULL, NULL, NULL, 5, 0, NULL, NULL),
(574, 'Tariq Saeed', 'tariq@eurocoffee.ae', '0545842571', 290, 'EuroCoffee LLC', '2019-01-22', 22, 'visitor', '0', 1, '0', '0', '0000-00-00', 0, 0, '0', '0', NULL, NULL, NULL, 5, 0, NULL, NULL),
(575, 'Nawroz Mamdani ', 'nawroz@banke.ae', '0556120796', 101, 'Banke Real Estate ', '2019-01-29', 29, 'visitor', '1', 1, '0', '0', '0000-00-00', 0, 0, '0', '0', NULL, NULL, NULL, 5, 0, NULL, NULL),
(576, 'Munaf', 'apalekar@hoshanpg.com', '0561792907', 141, 'Hoshan Pan Gulf ', '2019-01-22', 29, 'visitor', '0', 0, '0', '0', '0000-00-00', 0, 0, '0', '0', NULL, NULL, NULL, 5, 0, NULL, NULL),
(577, 'Biju Jose', 'asi.sales1@axon.ae', '0552795019', 69, 'Axon Business System LLC', '2019-01-22', 57, 'guest', '0', 0, '0', '0', '0000-00-00', 0, 0, '0', '0', NULL, NULL, NULL, 5, 0, NULL, NULL),
(578, 'Rosa Bullok', 'rosa.bullock@sociate.ae', '+971 55 323 1699', 64, 'Sociate PR', '2019-01-29', 27, 'visitor', '2', 1, '0', '0', '0000-00-00', 0, 0, '0', '0', NULL, NULL, NULL, 5, 0, NULL, NULL),
(579, 'Sara Boomsma', 'sara.boomsma@gabbitas.ae', '0504064279', 140, 'Gabbitas ', '2019-02-05', 58, 'visitor', '0', 1, '0', '0', '0000-00-00', 0, 0, '0', '0', NULL, NULL, NULL, 5, 0, NULL, NULL),
(580, 'Manisha Dutta', 'Manisha@naturalhealinghome.com', '+971 55 626 4742', 291, 'Natural Healing Home', '2019-02-05', 6, 'visitor', '1', 1, '0', '0', '0000-00-00', 0, 0, '0', '0', NULL, NULL, NULL, 5, 0, NULL, NULL),
(581, 'Capt Sanjay Sharma ', 'sanjay@hunters-skipper.com', '+971507245053', 254, 'Hunter & Skipper', '2019-02-12', 34, 'visitor', '2', 1, '0', '0', '0000-00-00', 0, 0, '0', '0', NULL, NULL, NULL, 5, 0, NULL, NULL),
(582, 'Amrita Saha', 'amrita@secondcc.net', '0585437002', 234, 'Second Citizenship', '2019-02-12', 55, 'visitor', '2', 1, '0', '0', '0000-00-00', 0, 0, '0', '0', NULL, NULL, NULL, 5, 0, NULL, NULL),
(583, 'Shahid Imran', 'shahidimran900@gmail.com', '055-5281660', 101, 'Qube One', '2019-02-19', 16, 'visitor', '0', 0, '0', '0', '0000-00-00', 0, 0, '0', '0', NULL, NULL, NULL, 5, 0, NULL, NULL),
(584, 'Manisha Dutta', 'Manisha@naturalhealinghome.com', '+971556264742', 291, 'Natural Healing Home', '2019-02-19', 6, 'visitor', '0', 0, '0', '0', '0000-00-00', 0, 0, '0', '0', NULL, NULL, NULL, 5, 0, NULL, NULL),
(595, 'Raza', 'raza_mustafa4@yahoo.com', '+971 55 937 0262', 176, 'Rtw pools', '2019-03-05', 32, 'visitor', '1', 1, '0', '0', '0000-00-00', 0, 0, '0', '0', NULL, NULL, NULL, 5, 0, NULL, NULL),
(596, 'Rahul sharda ', 'rahul.sharda@suitsadvisors.com', '0508438905', 292, 'Suits and advisors', '2019-02-26', 32, 'visitor', '0', 0, '0', '0', '0000-00-00', 0, 0, '0', '0', NULL, NULL, NULL, 5, 0, NULL, NULL),
(597, 'Bianca', 'bianca.gracias@suitsadvisors.com', '0508704730', 293, 'Suits and advisors', '2019-02-26', 32, 'visitor', '0', 0, '0', '0', '0000-00-00', 0, 0, '0', '0', NULL, NULL, NULL, 5, 0, NULL, NULL),
(598, 'Capt Sanjay Sharma ', 'sanjay@hunters-skipper.com', '+971507245053', 43, 'Hunter & Skipper', '2019-02-26', 34, 'visitor', '0', 0, '0', '0', '0000-00-00', 0, 0, '0', '0', NULL, NULL, NULL, 5, 0, NULL, NULL),
(599, 'Anmol Ramchandani', 'anmol_ramchandani@hotmail.com', '0502665698', 129, 'High rise Freight Services', '2019-02-26', 34, 'visitor', '0', 0, '0', '0', '0000-00-00', 0, 0, '0', '0', NULL, NULL, NULL, 5, 0, NULL, NULL),
(600, 'Shahid Imran', 'shahidimran900@gmail.com', '055-5281660', 294, 'Cube One', '2019-02-26', 16, 'visitor', '0', 0, '0', '0', '2019-02-25', 0, 0, '0', '0', NULL, NULL, NULL, 5, 0, NULL, NULL),
(601, 'Richard Regaspi', 'rdr@hss-me.com', '+971503738893', 41, 'HSS Health and Safety Solutions LLC  ', '2019-03-05', 38, 'visitor', '0', 1, '0', '0', '0000-00-00', 0, 0, '0', '0', NULL, NULL, NULL, 5, 0, NULL, NULL);
INSERT INTO `tbl_invitations` (`inv_id`, `inv_name`, `inv_email`, `inv_phone`, `inv_category`, `inv_compnay`, `inv_date`, `inv_invitedBy`, `inv_type`, `inv_status`, `inv_called`, `inv_visited`, `inv_form_filled`, `inv_interview_date`, `inv_interviewedBy1`, `inv_interviewedBy2`, `inv_voting_done`, `inv_selection_status`, `inv_category_text`, `inv_invitedBy_text`, `inv_form_filled_date`, `chapter_id`, `inv_rating`, `inv_comments`, `documents`) VALUES
(602, 'Nawroz', 'nawroz@banke.ae', '0556120796', 101, 'Banke', '2019-03-05', 29, 'visitor', '0', 0, '0', '0', '0000-00-00', 0, 0, '0', '0', NULL, NULL, NULL, 5, 0, NULL, NULL),
(603, 'Tarik Qahawish', 'tarik@localyser.com', '+971 52 929 1829', 295, 'Localyser', '2019-03-05', 27, 'visitor', '1', 1, '0', '0', '0000-00-00', 0, 0, '0', '0', NULL, NULL, NULL, 5, 0, NULL, NULL),
(604, 'Andrew', 'andrew@localyser.com', '+971 56 798 6529', 295, 'Localyser', '2019-03-05', 27, 'guest', '0', 0, '0', '0', '0000-00-00', 0, 0, '0', '0', NULL, NULL, NULL, 5, 0, NULL, NULL),
(605, 'Adnan Hadla', 'adman.hadla@network.global', '0508898054', 147, 'emirates NBD', '2019-03-05', 18, 'visitor', '0', 1, '0', '0', '0000-00-00', 0, 0, '0', '0', NULL, NULL, NULL, 5, 0, NULL, NULL),
(606, 'Darin', 'darifhuff@gmail.com', '0544007418', 162, 'Auto Assist Rent a Car and Limousines', '2019-03-05', 6, 'visitor', '0', 1, '0', '0', '0000-00-00', 0, 0, '0', '0', NULL, NULL, NULL, 5, 0, NULL, NULL),
(607, 'Alexandra Yulo', 'alexandra@craigyulo.com', '+63 917 862 7244', 165, 'Craig Yulo Arts and Design', '2019-03-05', 13, 'guest', '0', 0, '0', '0', '0000-00-00', 0, 0, '0', '0', NULL, NULL, NULL, 5, 0, NULL, NULL),
(608, 'Chino Yulo', 'chino@craigyulo.com', '+63 917 862 7244', 165, 'Craig Yulo Arts and Design', '2019-03-05', 13, 'guest', '0', 0, '0', '0', '0000-00-00', 0, 0, '0', '0', NULL, NULL, NULL, 5, 0, NULL, NULL),
(609, 'Melanie Mendoza', 'melaniermendoza.smdc@yahoo.com', '+971 58 598 0138', 99, 'SMDC', '2019-03-05', 13, 'guest', '0', 0, '0', '0', '0000-00-00', 0, 0, '0', '0', NULL, NULL, NULL, 5, 0, NULL, NULL),
(610, 'Maria Brenda Nakpil', 'mariabrendanakpil.smdc@gmail.com', '+971 58 598 0138', 99, 'SMDC', '2019-03-05', 13, 'visitor', '0', 0, '0', '0', '0000-00-00', 0, 0, '0', '0', NULL, NULL, NULL, 5, 0, NULL, NULL),
(611, 'Marizze Constantino', 'melaniermendoza.smdc@yahoo.com', '+971 58 598 0138', 99, 'SMDC', '2019-03-05', 13, 'guest', '0', 0, '0', '0', '0000-00-00', 0, 0, '0', '0', NULL, NULL, NULL, 5, 0, NULL, NULL),
(612, 'Ijaz Anwer', 'ijaz.anwer@axon.ae', '0554102266', 296, 'Axon Business System LLC', '2019-03-05', 57, 'guest', '0', 0, '0', '0', '0000-00-00', 0, 0, '0', '0', NULL, NULL, NULL, 5, 0, NULL, NULL),
(613, 'Richard Regaspi', 'rdr@hss-me.com', '+971503738893', 41, 'HSS Health and Safety Solutions LLC  ', '2019-03-12', 38, 'visitor', '1', 1, '0', '0', '0000-00-00', 0, 0, '0', '0', NULL, NULL, NULL, 5, 0, NULL, NULL),
(614, 'Joseph Lebbos', 'joseph@gos.co.za', '0508536048', 297, 'Global Out of Home Media', '2019-03-12', 38, 'visitor', '1', 1, '0', '0', '0000-00-00', 0, 0, '0', '0', NULL, NULL, NULL, 5, 0, NULL, NULL),
(615, 'Sanjeev Agarwal ', 'sanjeev@alphadynamixcapital.com', '+971508542679', 32, 'Alpha Quantum Capital Management', '2019-03-12', 6, 'visitor', '0', 0, '0', '0', '0000-00-00', 0, 0, '0', '0', NULL, NULL, NULL, 5, 0, NULL, NULL),
(616, 'Vinay Shet', 'vinay@credvestmartech.com', '+971 58 558 6979', 3, 'Credwest / Hills Advertising', '2019-03-12', 55, 'visitor', '3', 1, '0', '0', '0000-00-00', 0, 0, '0', '0', NULL, NULL, NULL, 5, 0, NULL, NULL),
(617, 'Eric Lewis', 'eolewis@eim.ae', '+971503445400', 91, 'Eric\'s Restaurant ', '2019-03-12', 6, 'visitor', '3', 1, '0', '0', '0000-00-00', 0, 0, '0', '0', NULL, NULL, NULL, 5, 0, NULL, NULL),
(618, 'Akshay Sangle', 'akshay@tridentinc.co', '+971561795116', 298, 'Trident Inc', '2019-03-12', 6, 'visitor', '2', 1, '0', '0', '0000-00-00', 0, 0, '0', '0', NULL, NULL, NULL, 5, 0, NULL, NULL),
(619, 'Imad Sawalha', 'imad.sawalha@nationalbonds.ae', '+971554965133', 93, 'National Bonds', '2019-03-19', 11, 'visitor', '0', 0, '0', '0', '0000-00-00', 0, 0, '0', '0', NULL, NULL, NULL, 5, 0, NULL, NULL),
(620, 'Navaneeth Kumar', 'post2navaneeth@gmail.com', '0509343127', 34, 'Just Bouquet Flowers LLC', '2019-03-12', 42, 'visitor', '2', 1, '0', '0', '0000-00-00', 0, 0, '0', '0', NULL, NULL, NULL, 5, 0, NULL, NULL),
(621, 'Syed Siddiqi', 'Syed.siddiqi@hotmail.com', '+971 50 585 1044', 162, 'On Time', '2019-03-12', 6, 'visitor', '0', 1, '0', '0', '0000-00-00', 0, 0, '0', '0', NULL, NULL, NULL, 5, 0, NULL, NULL),
(622, 'Victoria cunningham', 'Vcunningham5@gmail.com', '0552685153', 33, 'Voyoga', '2019-03-12', 17, 'visitor', '0', 0, '0', '0', '0000-00-00', 0, 0, '0', '0', NULL, NULL, NULL, 5, 0, NULL, NULL),
(623, 'NR Venkatesh', 'cfonrv@gmail.com', '0504544725', 299, 'NR Venkatesh', '2019-03-12', 44, 'visitor', '0', 0, '0', '0', '0000-00-00', 0, 0, '0', '0', NULL, NULL, NULL, 5, 0, NULL, NULL),
(624, 'Nedunchelian', 'nnchelian@gmail.com', '+919840041911', 299, 'Harsha Anantu & Sankar', '2019-03-12', 44, 'guest', '0', 0, '0', '0', '0000-00-00', 0, 0, '0', '0', NULL, NULL, NULL, 5, 0, NULL, NULL),
(625, 'Nicholas Brooks', 'nicholas@zaeto.ae', '0555452690', 87, 'Zaeto', '2019-03-12', 7, 'visitor', '0', 0, '0', '0', '0000-00-00', 0, 0, '0', '0', NULL, NULL, NULL, 5, 0, NULL, NULL),
(626, 'Farheen Chaudari', 'director@ideaelc.ae', '0502502865', 300, 'Idea Early Learning Centre ', '2019-03-19', 58, 'visitor', '0', 0, '0', '0', '0000-00-00', 0, 0, '0', '0', NULL, NULL, NULL, 5, 0, NULL, NULL),
(627, 'Eric Lewis', 'eolewis@eim.ae', '+971 50 344 5400', 91, 'Eric\'s Restaurant ', '2019-03-19', 6, 'visitor', '0', 0, '0', '0', '0000-00-00', 0, 0, '0', '0', NULL, NULL, NULL, 5, 0, NULL, NULL),
(628, 'Sanjeev Agarwal ', 'sanjeev@alphadynamixcapital.com', '+971508542679', 32, 'Alpha Quantum ', '2019-03-19', 6, 'visitor', '0', 0, '0', '0', '0000-00-00', 0, 0, '0', '0', NULL, NULL, NULL, 5, 0, NULL, NULL),
(629, 'Charbel Fursane', 'cf@marketeerslb.com', '+961 3 502 925', 135, 'Marketing & Community Management', '2019-03-19', 22, 'visitor', '0', 0, '0', '0', '0000-00-00', 0, 0, '0', '0', NULL, NULL, NULL, 5, 0, NULL, NULL),
(630, 'Grace Marabe', 'larkuo@me.com', '0528568815', 138, 'GL Consultants', '2019-03-19', 22, 'visitor', '0', 0, '0', '0', '0000-00-00', 0, 0, '0', '0', NULL, NULL, NULL, 5, 0, NULL, NULL),
(631, 'Deepak Bhattad', 'deepak@fortunemakersindia.in', '+918899772255', 254, 'Fortune makers', '2019-03-19', 55, 'visitor', '0', 0, '0', '0', '0000-00-00', 0, 0, '0', '0', NULL, NULL, NULL, 5, 0, NULL, NULL),
(632, 'Ahmad Abu Qasheh', 'Aabuqasheh@insurewithpetra.com', '+971563653336', 108, 'Petra Insurance brokers', '2019-03-26', 38, 'guest', '0', 0, '0', '0', '0000-00-00', 0, 0, '0', '0', NULL, NULL, NULL, 5, 0, NULL, NULL),
(633, 'Tanya Li', 'tanya@langpros.net', '+971 55 28 70149', 301, 'The Language Professionals', '2019-03-26', 39, 'visitor', '0', 0, '0', '0', '0000-00-00', 0, 0, '0', '0', NULL, NULL, NULL, 5, 0, NULL, NULL),
(634, 'Lindsay Aitken', 'lindsay.aitken@bbgdxb.com', '+971 55 933 1179', 302, 'British Business Group', '2019-03-26', 39, 'visitor', '0', 0, '0', '0', '0000-00-00', 0, 0, '0', '0', NULL, NULL, NULL, 5, 0, NULL, NULL),
(635, 'Farheen Chaudari', 'director@ideaelc.ae', '0502502865', 300, 'Idea Early Learning Centre ', '2019-03-26', 58, 'visitor', '0', 0, '0', '0', '0000-00-00', 0, 0, '0', '0', NULL, NULL, NULL, 5, 0, NULL, NULL),
(636, 'Utsav Sharma', 'utsav@fin1wealth.com', '0526607920', 142, 'Fin One Investments ', '2019-03-26', 58, 'visitor', '0', 0, '0', '0', '0000-00-00', 0, 0, '0', '0', NULL, NULL, NULL, 5, 0, NULL, NULL),
(637, 'Chirantan Joshi', 'hello@chirantanjoshi.com', '+971 55 972 5200', 303, 'The leather doctor', '2019-03-26', 32, 'visitor', '0', 0, '0', '0', '0000-00-00', 0, 0, '0', '0', NULL, NULL, NULL, 5, 0, NULL, NULL),
(638, 'Muneer Samnani ', 'muneer@omcdubai.com', '+971 55 796 1876', 304, 'Oxygen management consultants ', '2019-03-26', 32, 'visitor', '0', 0, '0', '0', '0000-00-00', 0, 0, '0', '0', NULL, NULL, NULL, 5, 0, NULL, NULL),
(639, 'Luis Felipe Arango', 'arango@whitehallconsulting.com', '+971 52 197 7119', 155, 'Whitehall & Company', '2019-03-26', 27, 'visitor', '0', 0, '0', '0', '0000-00-00', 0, 0, '0', '0', NULL, NULL, NULL, 5, 0, NULL, NULL),
(640, 'Petra Spanko', 'petra.spanko@clevermonitor.com', '+971 50 455 3397', 218, 'Clever Monitor', '2019-03-26', 45, 'visitor', '0', 0, '0', '0', '0000-00-00', 0, 0, '0', '0', NULL, NULL, NULL, 5, 0, NULL, NULL),
(641, 'Rami Azzam', 'Rami.j.azzam@gmail.com', '+971 50 559 3155', 305, 'Gognosec ', '2019-03-26', 53, 'guest', '0', 0, '0', '0', '0000-00-00', 0, 0, '0', '0', NULL, NULL, NULL, 5, 0, NULL, NULL),
(642, 'Tejas Agarwal', 'tejasagarwal@urbanclap.com', '+971 52 882 2450', 191, 'Urban Clap', '2019-03-26', 11, 'visitor', '0', 0, '0', '0', '0000-00-00', 0, 0, '0', '0', NULL, NULL, NULL, 5, 0, NULL, NULL),
(643, 'Tanya Li', 'tanya@langpros.net', '+971 55 2870149', 301, 'The Language Professionals', '2019-04-02', 39, 'visitor', '2', 1, '0', '0', '0000-00-00', 0, 0, '0', '0', NULL, NULL, NULL, 5, 0, NULL, NULL),
(644, 'Lindsay Aitken', 'lindsay.aitken@bbgdxb.com', '+971 4 397 0303', 302, 'British Business Group', '2019-04-02', 39, 'visitor', '2', 1, '0', '0', '0000-00-00', 0, 0, '0', '0', NULL, NULL, NULL, 5, 0, NULL, NULL),
(645, 'Charmaine Luck Dylanco', 'charmaine.dylanco@bbgdxb.com', '+971 4 397 0303', 302, 'British Business Group', '2019-04-02', 39, 'guest', '2', 1, '0', '0', '0000-00-00', 0, 0, '0', '0', NULL, NULL, NULL, 5, 0, NULL, NULL),
(646, 'Renuka', 'renuka@dranilsureen.com', '0564016815', 304, 'Dr.Anil Sureen NLP trainer', '2019-04-02', 18, 'visitor', '0', 1, '0', '0', '0000-00-00', 0, 0, '0', '0', NULL, NULL, NULL, 5, 0, NULL, NULL),
(647, 'Vishal Pandey ', 'vp@glasgowconsultinggroup.com', '+9710559744360', 155, 'Glasgow Consulting ', '2019-04-02', 6, 'visitor', '2', 1, '0', '0', '0000-00-00', 0, 0, '0', '0', NULL, NULL, NULL, 5, 0, NULL, NULL),
(648, 'Ahmed Alfaddaghi', 'faddaghi@gmail.com', '+966 50 5202054', 155, 'Glasgow Consulting Group', '2019-04-02', 6, 'guest', '0', 0, '0', '0', '0000-00-00', 0, 0, '0', '0', NULL, NULL, NULL, 5, 0, NULL, NULL),
(649, 'Utsav', 'utsav@fin1wealth.com', '0526607920', 142, 'Fin One Investments ', '2019-04-02', 58, 'visitor', '1', 1, '0', '0', '0000-00-00', 0, 0, '0', '0', NULL, NULL, NULL, 5, 0, NULL, NULL),
(650, 'Ammr Baghdane', 'Ammr.Baghdane@ai-energy.net', '(+971) 50 225 0965', 29, 'A&I Energy Services L.L.C', '2019-04-09', 38, 'visitor', '2', 1, '0', '0', '0000-00-00', 0, 0, '0', '0', NULL, NULL, NULL, 5, 0, NULL, NULL),
(651, 'John Lagat', 'john_keone@yahoo.com', '050 429 7532', 104, 'John Keone General Trading LLC', '2019-04-09', 13, 'visitor', '1', 1, '0', '0', '0000-00-00', 0, 0, '0', '0', NULL, NULL, NULL, 5, 0, NULL, NULL),
(652, 'Meet', 'meetoza87@yahoo.com', '0551246365', 91, 'maharaja express', '2019-04-09', 18, 'visitor', '3', 1, '0', '0', '0000-00-00', 0, 0, '0', '0', NULL, NULL, NULL, 5, 0, NULL, NULL),
(653, 'Navaneeth Kumar', 'post2navaneeth@gmail.com', '+971 50 943 4127', 34, 'Just Bouquet', '2019-04-09', 42, 'visitor', '1', 1, '0', '0', '0000-00-00', 0, 0, '0', '0', NULL, NULL, NULL, 5, 0, NULL, NULL),
(654, 'Jaffar Mosavi', 'jmoosavi@ensaantech.com', '+971 55 284 8828', 249, 'Ensaan Technologies', '2019-04-23', 38, 'visitor', '1', 1, '0', '0', '0000-00-00', 0, 0, '0', '0', NULL, NULL, NULL, 5, 0, NULL, NULL),
(655, 'Ammr Baghdane ', 'ammr.baghdane@ai-energy.net', ': (+971) 50 225 0965 ', 29, 'A&I Energy Services L.L.C ', '2019-04-23', 38, 'visitor', '0', 1, '0', '0', '0000-00-00', 0, 0, '0', '0', NULL, NULL, NULL, 5, 0, NULL, NULL),
(656, 'Nabeel Sheikh', 'n.sheikh@isukoshi.com', '+971522043875', 41, 'ISUKOSHI ', '2019-04-23', 60, 'visitor', '0', 1, '0', '0', '0000-00-00', 0, 0, '0', '0', NULL, NULL, NULL, 5, 0, NULL, NULL),
(657, 'Nauman Muhammad', 'nauman@nookwork.ae', '0585006827', 306, 'Nook Coworking space', '2019-04-23', 27, 'visitor', '1', 1, '0', '0', '0000-00-00', 0, 0, '0', '0', NULL, NULL, NULL, 5, 0, NULL, NULL),
(658, 'ishant', 'ishant.kumar@ae.uaeexchange.com', '0566842596', 307, 'U.A.E. Exchange', '2019-04-23', 18, 'visitor', '0', 1, '0', '0', '0000-00-00', 0, 0, '0', '0', NULL, NULL, NULL, 5, 0, NULL, NULL),
(659, 'Joseph Kunjuvareed', 'Joseph@metalkraftllc.com', '+971506244525', 308, 'Metal Kraft LLC ', '2019-04-23', 6, 'visitor', '1', 1, '0', '0', '0000-00-00', 0, 0, '0', '0', NULL, NULL, NULL, 5, 0, NULL, NULL),
(660, 'Nixon', 'reachus@frozen-orange.com', '0561020111', 309, 'Frozen Orange', '2019-04-23', 25, 'visitor', '0', 1, '0', '0', '0000-00-00', 0, 0, '0', '0', NULL, NULL, NULL, 5, 0, NULL, NULL),
(661, 'Rohit Dogra', 'rohitdogra_rd@yahoo.com', '0581723144', 312, 'Altus Marine ', '2019-04-23', 42, 'visitor', '1', 1, '0', '0', '0000-00-00', 0, 0, '0', '0', NULL, NULL, NULL, 5, 0, NULL, NULL),
(662, 'Ashutosh', 'Ashutosh.sahoo9191@gmail.com', '0522537703', 91, 'Savor Catering', '2019-04-23', 59, 'visitor', '1', 1, '0', '0', '0000-00-00', 0, 0, '0', '0', NULL, NULL, NULL, 5, 0, NULL, NULL),
(663, 'Lillian Kithia', 'lillian@sparkpublicity.con', '0554141526', 64, 'Spark Publicity', '2019-04-23', 59, 'visitor', '1', 1, '0', '0', '0000-00-00', 0, 0, '0', '0', NULL, NULL, NULL, 5, 0, NULL, NULL),
(664, 'Aamir Bukhari', 'aamir.bukhari@safecorsecurity.ae', '0555540786', 296, 'Safecore Security', '2019-04-23', 22, 'visitor', '3', 1, '0', '0', '0000-00-00', 0, 0, '0', '0', NULL, NULL, NULL, 5, 0, NULL, NULL),
(665, 'Syed', 'sales@ahmedalmaghribi.com', '+971 55 864 7854', 310, 'Al Maghribi ', '2019-04-23', 25, 'visitor', '2', 1, '0', '0', '0000-00-00', 0, 0, '0', '0', NULL, NULL, NULL, 5, 0, NULL, NULL),
(666, 'Angel Li', 'angel@botongroup.com', '0506507568', 210, 'Boton Gold & Silver', '2019-04-23', 42, 'visitor', '1', 1, '0', '0', '0000-00-00', 0, 0, '0', '0', NULL, NULL, NULL, 5, 0, NULL, NULL),
(667, 'Peggy Li', 'peggy@spsaffinity.com', '0508250598', 311, 'SPS Affinity ', '2019-04-23', 42, 'visitor', '1', 1, '0', '0', '0000-00-00', 0, 0, '0', '0', NULL, NULL, NULL, 5, 0, NULL, NULL),
(668, 'Navaneeth Kumar', 'post2navaneeth@gmail.com', '+971 50 943 4127', 34, 'Just Bouquet LLC ', '2019-04-23', 42, 'visitor', '1', 1, '0', '0', '0000-00-00', 0, 0, '0', '0', NULL, NULL, NULL, 5, 0, NULL, NULL),
(669, 'Jocelyne Khoriaty', 'j.khoriaty@zimmer-rohde.com', '0504557769', 165, 'zimmer-rohde', '2019-04-23', 18, 'visitor', '0', 1, '0', '0', '0000-00-00', 0, 0, '0', '0', NULL, NULL, NULL, 5, 0, NULL, NULL),
(670, 'Saba Shaikh', 'saba@banke.ae', '+971529739682', 150, 'Banke International Properties LLC', '2019-04-23', 60, 'guest', '1', 1, '0', '0', '0000-00-00', 0, 0, '0', '0', NULL, NULL, NULL, 5, 0, NULL, NULL),
(671, 'Nasser Elbana', 'kam6@dreamsoft.ae', '+971543075102', 218, 'Dreamsoft', '2019-04-30', 45, 'visitor', '2', 1, '0', '0', '0000-00-00', 0, 0, '0', '0', NULL, NULL, NULL, 5, 0, NULL, NULL),
(672, 'Frances Miligan', 'frankie@funlovindigitals.com', '+971564669317', 218, 'Fun Loving Digitals', '2019-04-30', 45, 'visitor', '2', 1, '0', '0', '0000-00-00', 0, 0, '0', '0', NULL, NULL, NULL, 5, 0, NULL, NULL),
(673, 'Awais Ahmad', 'ahmad@galaxysmart.ae', '0523769021', 173, 'Galaxy Smart Technical Services', '2019-04-23', 34, 'visitor', '0', 0, '0', '0', '0000-00-00', 0, 0, '0', '0', NULL, NULL, NULL, 5, 0, NULL, NULL),
(674, 'Seema', 'seema@imt.ac.ae', '0526442508', 127, 'IMT UNIVERSITY', '2019-04-23', 18, 'visitor', '1', 1, '0', '0', '0000-00-00', 0, 0, '0', '0', NULL, NULL, NULL, 5, 0, NULL, NULL),
(675, 'Chris Smith ', 'chris@secusaf.com', '0502968790', 102, 'Secusaf security', '2019-04-30', 32, 'visitor', '1', 1, '0', '0', '0000-00-00', 0, 0, '0', '0', NULL, NULL, NULL, 5, 0, NULL, NULL),
(676, 'Juan ferreira', 'juan.ferreira@alnaboodah.com', '0563143143', 15, 'Al naboodah contracting', '2019-04-30', 32, 'visitor', '0', 1, '0', '0', '0000-00-00', 0, 0, '0', '0', NULL, NULL, NULL, 5, 0, NULL, NULL),
(677, 'Andy Pacino ', 'andy.pacino@murdoch.edu.au', '0552496087', 214, 'Murdoch universory', '2019-04-30', 32, 'visitor', '2', 1, '0', '0', '0000-00-00', 0, 0, '0', '0', NULL, NULL, NULL, 5, 0, NULL, NULL),
(678, 'Manisha', 'manisha@healthigo.com', '0522127749', 164, 'Healthigo', '2019-04-30', 32, 'visitor', '0', 1, '0', '0', '0000-00-00', 0, 0, '0', '0', NULL, NULL, NULL, 5, 0, NULL, NULL),
(679, 'Charles Boghos', 'charles@chezcharles.ae', '+971529994484', 91, 'Chez Charles', '2019-04-30', 6, 'visitor', '2', 1, '0', '0', '0000-00-00', 0, 0, '0', '0', NULL, NULL, NULL, 5, 0, NULL, NULL),
(680, 'Abraham Devadanam', 'abraham.devadanam@keita.ae', '+971564144033', 91, 'Keita', '2019-04-30', 6, 'visitor', '0', 1, '0', '0', '0000-00-00', 0, 0, '0', '0', NULL, NULL, NULL, 5, 0, NULL, NULL),
(681, 'Paul Saleh', 'paul.saleh@gls.ae.org', '0556431120', 313, 'GLS Media Distribution', '2019-04-30', 39, 'visitor', '0', 1, '0', '0', '0000-00-00', 0, 0, '0', '0', NULL, NULL, NULL, 5, 0, NULL, NULL),
(682, 'Syed ', 'sales@ahmedalmaghribi.com', '+971 55 864 7854', 310, 'Al Maghribi perfumes ', '2019-04-30', 25, 'visitor', '0', 0, '0', '0', '0000-00-00', 0, 0, '0', '0', NULL, NULL, NULL, 5, 0, NULL, NULL),
(683, 'NATASHA', 'sage.natasha@gmail.com', '0529723443', 249, 'SYSTEM HR', '2019-04-30', 18, 'visitor', '2', 1, '0', '0', '0000-00-00', 0, 0, '0', '0', NULL, NULL, NULL, 5, 0, NULL, NULL),
(684, 'Vikram Bhatia ', 'Vikrambhatia22@hotmail.com', '055 905 8163', 91, 'Al Tandoor Catering ', '2019-04-30', 42, 'visitor', '1', 1, '0', '0', '0000-00-00', 0, 0, '0', '0', NULL, NULL, NULL, 5, 0, NULL, NULL),
(685, 'SUKRITI', 'SUKRITI@SMEF.SHARP-WORLD.COM', '0566830755', 6, 'SHARP', '2019-04-30', 18, 'visitor', '0', 1, '0', '0', '0000-00-00', 0, 0, '0', '0', NULL, NULL, NULL, 5, 0, NULL, NULL),
(686, 'Joyce Evangelista', 'info@play-mebc.ae', '0561484462', 314, 'Federal Land', '2019-04-30', 13, 'guest', '1', 1, '0', '0', '0000-00-00', 0, 0, '0', '0', NULL, NULL, NULL, 5, 0, NULL, NULL),
(687, 'Joyce Evangelista', 'info@play-mebc.ae', '0561484462', 315, 'Federal Land', '2019-04-30', 13, 'guest', '1', 1, '0', '0', '0000-00-00', 0, 0, '0', '0', NULL, NULL, NULL, 5, 0, NULL, NULL),
(688, 'Gabriel Dominguez', 'info@play-mebc.ae', '0561484462', 316, 'Green Circle Realty', '2019-04-30', 13, 'guest', '1', 1, '0', '0', '0000-00-00', 0, 0, '0', '0', NULL, NULL, NULL, 5, 0, NULL, NULL),
(689, 'Ahmad Abu Qasheh', 'aabuqasheh@insurewithpetra.com', '0563653336', 108, 'petra insurance brokers', '2019-04-30', 38, 'guest', '1', 1, '0', '0', '0000-00-00', 0, 0, '0', '0', NULL, NULL, NULL, 5, 0, NULL, NULL),
(690, 'Pranab Nasta', 'pranav@motiontrading.ae', '+971551065672', 160, 'Motion Trading', '2019-04-30', 6, 'visitor', '2', 1, '0', '0', '0000-00-00', 0, 0, '0', '0', NULL, NULL, NULL, 5, 0, NULL, NULL),
(691, 'Jakub Sulc', 'jakub.sulc@avme.ae', '+971 56 413 8125', 11, 'Skoda Auto', '2019-04-30', 45, 'visitor', '0', 1, '0', '0', '0000-00-00', 0, 0, '0', '0', NULL, NULL, NULL, 5, 0, NULL, NULL),
(692, 'Nicole Gregory', 'nicole.bhealthy@gmail.com', '0566475100', 317, 'Equine Solutions', '2019-04-30', 22, 'visitor', '0', 1, '0', '0', '0000-00-00', 0, 0, '0', '0', NULL, NULL, NULL, 5, 0, NULL, NULL),
(693, 'Aamir Bukhari', 'aamir.bukhari@safecoresecurity.ae', '0555540786', 190, 'Safecore Security', '2019-04-30', 22, 'visitor', '1', 1, '0', '0', '0000-00-00', 0, 0, '0', '0', NULL, NULL, NULL, 5, 0, NULL, NULL),
(694, 'Charlotte Almasri ', 'charlotte.almasri@infracare.ae', '0562180183', 301, 'Infracare Services', '2019-04-30', 22, 'visitor', '1', 1, '0', '0', '0000-00-00', 0, 0, '0', '0', NULL, NULL, NULL, 5, 0, NULL, NULL),
(695, 'Samir', 'sameer.i@glenbeigh.ae', '+971 55 115 3833', 58, 'Glenbeigh', '2019-04-30', 25, 'visitor', '2', 1, '0', '0', '0000-00-00', 0, 0, '0', '0', NULL, NULL, NULL, 5, 0, NULL, NULL),
(696, 'Ahmad Abuqasheh', 'aabuqasheh@insurewithpetra.com', '0563653336', 108, 'Petra Insurance Brokers ', '2019-04-30', 37, 'guest', '1', 1, '0', '0', '0000-00-00', 0, 0, '0', '0', NULL, NULL, NULL, 5, 0, NULL, NULL),
(697, 'JD Shah', 'jd@sagtme.com', '0503135870', 166, 'Shahab Anwar General Trading LLC', '2019-04-30', 36, 'visitor', '1', 1, '0', '0', '0000-00-00', 0, 0, '0', '0', NULL, NULL, NULL, 5, 0, NULL, NULL),
(700, 'MEENAKSHI IYER', 'meenakshi@alphabetstreetnursery.com', '0559770701', 204, 'alphabet street nursery', '2019-05-07', 18, 'visitor', '1', 1, '0', '0', '0000-00-00', 0, 0, '0', '0', NULL, NULL, NULL, 5, 0, NULL, NULL),
(701, 'Aditya ', 'premsb@gmail.com', '0527841002', 166, 'Shahab Anwar General Trading LLC', '2019-04-30', 36, 'guest', '1', 1, '0', '0', '0000-00-00', 0, 0, '0', '0', NULL, NULL, NULL, 5, 0, NULL, NULL),
(702, 'Alexandra Galani', 'info@investor-deck.com', '0508773233', 138, 'Investor Deck', '2019-05-07', 42, 'visitor', '0', 1, '0', '0', '0000-00-00', 0, 0, '0', '0', NULL, NULL, NULL, 5, 0, NULL, NULL),
(703, 'Irina', 'Pribirina@yahoo.com', '+971 50 670 4334', 318, 'Amad Law', '2019-05-07', 27, 'visitor', '1', 1, '0', '0', '0000-00-00', 0, 0, '0', '0', NULL, NULL, NULL, 5, 0, NULL, NULL),
(704, 'Govind ', 'belfat@eim.ae', '+971 55 885 6983', 82, 'Belfast Trading ', '2019-05-07', 25, 'visitor', '1', 1, '0', '0', '0000-00-00', 0, 0, '0', '0', NULL, NULL, NULL, 5, 0, NULL, NULL),
(705, 'Jejo Josoni Kokkali', 'sales@blueamberdubai.com', '+971504384944   ', 122, 'Blue Amber Technical Services L.L.C', '2019-05-07', 39, 'visitor', '1', 1, '0', '0', '0000-00-00', 0, 0, '0', '0', NULL, NULL, NULL, 5, 0, NULL, NULL),
(706, 'Johnny Conran', 'johnny.conran@sevencapital.com', '0544118173', 314, 'Seven Capital', '2019-05-07', 21, 'visitor', '0', 1, '0', '0', '0000-00-00', 0, 0, '0', '0', NULL, NULL, NULL, 5, 0, NULL, NULL),
(707, 'Faiz', 'info@prosolme.com', '0508108924', 319, 'Procom solutions', '2019-05-14', 25, 'visitor', '0', 1, '0', '0', '0000-00-00', 0, 0, '0', '0', NULL, NULL, NULL, 5, 0, NULL, NULL),
(708, 'Duncan Pearce', 'duncan.pearce@hpl.fm.com', '+971566050431', 61, 'HPL Pest Control Services', '2019-05-14', 39, 'visitor', '0', 1, '0', '0', '0000-00-00', 0, 0, '0', '0', NULL, NULL, NULL, 5, 0, NULL, NULL),
(709, 'Jaffar Mosavi ', 'jmoosavi@ensaantech.com', '0552848828', 249, 'Ensaan Technologies', '2019-05-14', 38, 'visitor', '0', 1, '0', '0', '0000-00-00', 0, 0, '0', '0', NULL, NULL, NULL, 5, 0, NULL, NULL),
(710, 'Dario Glazebrook', 'dario@openeyedubai.com', '+971 55 497 3549', 320, 'Open Eye Dubai', '2019-05-14', 7, 'visitor', '1', 1, '0', '0', '0000-00-00', 0, 0, '0', '0', NULL, NULL, NULL, 5, 0, NULL, NULL),
(711, 'Lillian kithia ', 'lillian@sparkpublicity.com', '0554141526', 64, 'Spark Publicity', '2019-05-14', 59, 'visitor', '1', 1, '0', '0', '0000-00-00', 0, 0, '0', '0', NULL, NULL, NULL, 5, 0, NULL, NULL),
(712, 'K Shravan ', 'shravan.kandala@oracle.com', '0588946810', 149, 'Oracle Solutions', '2019-05-14', 57, 'visitor', '0', 1, '0', '0', '0000-00-00', 0, 0, '0', '0', NULL, NULL, NULL, 5, 0, NULL, NULL),
(713, 'Rahul Sajnani', 'rsajnani@moshi.ae', '+971 55 365 0999', 91, 'Moshi', '2019-05-14', 52, 'visitor', '0', 1, '0', '0', '0000-00-00', 0, 0, '0', '0', NULL, NULL, NULL, 5, 0, NULL, NULL),
(714, 'Uttam', 'dash@dashinspectorate.com', '0508692438', 309, 'DASH inspectorate', '2019-05-14', 18, 'visitor', '1', 0, '0', '0', '0000-00-00', 0, 0, '0', '0', NULL, NULL, NULL, 5, 0, NULL, NULL),
(715, 'Alexandra Galani', 'info@investor-deck.com', '00 971 50 877 3233', 138, 'Investor Deck', '2019-05-14', 42, 'visitor', '1', 1, '0', '0', '0000-00-00', 0, 0, '0', '0', NULL, NULL, NULL, 5, 0, NULL, NULL),
(716, 'Duncan Pearce', 'duncan.pearce@hpl.fm.com', '+971566050431', 61, 'HPL Pest Control Services', '2019-05-21', 39, 'visitor', '0', 1, '0', '0', '0000-00-00', 0, 0, '0', '0', NULL, NULL, NULL, 5, 0, NULL, NULL),
(717, 'Uzman Najam', 'UsmanN@network.ae', '+971 56 818 7202', 129, 'Network International', '2019-05-21', 13, 'visitor', '2', 1, '0', '0', '0000-00-00', 0, 0, '0', '0', NULL, NULL, NULL, 5, 0, NULL, NULL),
(718, 'Pawan Bhatia', 'P.bhatia@ccndubai.com', '+971 52 974 1032', 321, 'China campus network Middle East', '2019-05-21', 25, 'visitor', '3', 1, '0', '0', '0000-00-00', 0, 0, '0', '0', NULL, NULL, NULL, 5, 0, NULL, NULL),
(719, 'Shravan Kumar', 'shravan.kandala@oracle.com', '058846810', 149, 'Oracle Solutions', '2019-05-21', 57, 'visitor', '1', 1, '0', '0', '0000-00-00', 0, 0, '0', '0', NULL, NULL, NULL, 5, 0, NULL, NULL),
(720, 'Iftikar Ahmed', 'info@eimctechnical.com', '+971 55 775 9410', 173, 'EIMC Technical Services LLC', '2019-05-28', 6, 'visitor', '0', 1, '0', '0', '0000-00-00', 0, 0, '0', '0', NULL, NULL, NULL, 5, 0, NULL, NULL),
(721, 'Pawan', 'p.bhatia@ccndubai.com', '0529741032', 321, 'China Campus Network', '2019-05-28', 25, 'visitor', '1', 1, '0', '0', '0000-00-00', 0, 0, '0', '0', NULL, NULL, NULL, 5, 0, NULL, NULL),
(722, 'Daoud ', 'dabuqasheh@bloovo.com', '0552000518', 43, 'Bloovo', '2019-05-28', 37, 'visitor', '0', 1, '0', '0', '0000-00-00', 0, 0, '0', '0', NULL, NULL, NULL, 5, 0, NULL, NULL),
(723, 'Fadi Atallah', 'fido2968@gmail.com', '0504564986', 18, 'Canada Synergy', '2019-05-28', 21, 'guest', '1', 1, '0', '0', '0000-00-00', 0, 0, '0', '0', NULL, NULL, NULL, 5, 0, NULL, NULL),
(724, 'Albert Tranquilino', 'albert@darceyflowers.ae', '0559998388', 34, 'Darcey Flowers', '2019-06-11', 22, 'visitor', '1', 1, '0', '0', '0000-00-00', 0, 0, '0', '0', NULL, NULL, NULL, 5, 0, NULL, NULL),
(725, ' Joanna Streames', 'joanna@vmis.co.uk', '01536 217477', 322, 'CeMap', '2019-06-11', 16, 'guest', '1', 1, '0', '0', '0000-00-00', 0, 0, '0', '0', NULL, NULL, NULL, 5, 0, NULL, NULL),
(726, 'Saad Usmani', 'saad_usmani71@hotmail.com', '0557247249', 135, 'Saad Usmani and Partners ', '2019-06-11', 58, 'guest', '1', 1, '0', '0', '0000-00-00', 0, 0, '0', '0', NULL, NULL, NULL, 5, 0, NULL, NULL),
(727, 'Wasaf Ejaz', 'wasaf.ejaz@tfl.global', '+971556917065', 148, 'The Food Look', '2019-06-11', 6, 'visitor', '0', 1, '0', '0', '0000-00-00', 0, 0, '0', '0', NULL, NULL, NULL, 5, 0, NULL, NULL),
(728, 'Philip Pinto', 'fgt438@gmail.com', '+971506797560', 126, 'Acap Foodstuffs Trading LLC', '2019-06-18', 60, 'visitor', '0', 1, '0', '0', '0000-00-00', 0, 0, '0', '0', NULL, NULL, NULL, 5, 0, NULL, NULL),
(729, 'David Thackray', 'Dave@tarkeeb.ae', '+971562192835', 323, 'Tarkeeb', '2019-06-18', 39, 'visitor', '0', 1, '0', '0', '0000-00-00', 0, 0, '0', '0', NULL, NULL, NULL, 5, 0, NULL, NULL),
(730, 'Bogdan Zoicas', 'bogdan@lfnt.live', '+971 50 784 5279', 116, 'Elephant Live', '2019-06-18', 45, 'guest', '0', 1, '0', '0', '0000-00-00', 0, 0, '0', '0', NULL, NULL, NULL, 5, 0, NULL, NULL),
(731, 'Sara Elgohary', 'saragelgohary@gmail.com', '0501204064', 117, 'GOHARY', '2019-06-18', 29, 'visitor', '1', 1, '0', '0', '0000-00-00', 0, 0, '0', '0', NULL, NULL, NULL, 5, 0, NULL, NULL),
(732, 'Harish Malghani', '3530374@gmail.com', '0565354100', 199, 'True Value Automobiles ', '2019-06-18', 29, 'visitor', '0', 1, '0', '0', '0000-00-00', 0, 0, '0', '0', NULL, NULL, NULL, 5, 0, NULL, NULL),
(733, 'Waleed Alotaishan', 'Waleedotaishan@gmail.com', '0544461822', 155, 'Strategic Alliances for Consulting Companies', '2019-06-18', 22, 'guest', '1', 1, '0', '0', '0000-00-00', 0, 0, '0', '0', NULL, NULL, NULL, 5, 0, NULL, NULL),
(734, 'Sayeed Husainy', 'fgt438@gmail.com', '0505858466', 129, 'DP World', '2019-06-18', 60, 'guest', '0', 1, '0', '0', '0000-00-00', 0, 0, '0', '0', NULL, NULL, NULL, 5, 0, NULL, NULL),
(735, 'Iftikar Ahmed', 'info@eimctechnical.com', '+971 55 775 9410', 226, 'EIMC Technical Services LLC', '2019-06-18', 6, 'visitor', '0', 1, '0', '0', '0000-00-00', 0, 0, '0', '0', NULL, NULL, NULL, 5, 0, NULL, NULL),
(736, 'Muhammad ', 'info@urbanhousekeeping.com', '0509295274.', 128, 'Urban House Keeping', '2019-06-18', 39, 'visitor', '0', 1, '0', '0', '0000-00-00', 0, 0, '0', '0', NULL, NULL, NULL, 5, 0, NULL, NULL),
(737, 'Syed Ali Akbar', 'sd_aliakbar@focussoftnet.com', '0554964348', 227, 'focus softnet FZ LLC', '2019-06-18', 38, 'visitor', '1', 1, '0', '0', '0000-00-00', 0, 0, '0', '0', NULL, NULL, NULL, 5, 0, NULL, NULL),
(738, 'Patrizia Marin', 'chairman@marcopoloconsulting.net', '+971 56 800 3394', 138, 'Marco Polo Consulting ', '2019-06-18', 42, 'visitor', '1', 1, '0', '0', '0000-00-00', 0, 0, '0', '0', NULL, NULL, NULL, 5, 0, NULL, NULL),
(739, 'Caroline Ismail', 'caro@foodartconcept.com', '+971504575739', 324, 'Food Art Concept', '2019-06-25', 12, 'visitor', '0', 1, '0', '0', '0000-00-00', 0, 0, '0', '0', NULL, NULL, NULL, 5, 0, NULL, NULL),
(740, 'Annie Browne', 'aib@abmindworks.com', '+971507020236', 286, 'AB Mindworks', '2019-06-25', 39, 'visitor', '1', 1, '0', '0', '0000-00-00', 0, 0, '0', '0', NULL, NULL, NULL, 5, 0, NULL, NULL),
(741, 'Fawzia Elsaeed ', 'F.elsaeed@mvp.ae', '0504324938', 84, 'MVP Tech GT LLC', '2019-06-25', 22, 'visitor', '1', 1, '0', '0', '0000-00-00', 0, 0, '0', '0', NULL, NULL, NULL, 5, 0, NULL, NULL),
(742, 'Pritee Das', 'P.das@mvp.ae', '0586644196', 84, 'MVP Tech GT LLC', '2019-06-25', 22, 'visitor', '1', 1, '0', '0', '0000-00-00', 0, 0, '0', '0', NULL, NULL, NULL, 5, 0, NULL, NULL),
(743, 'Sara Elgohary', 'saragelgohary@gmail.com', '0501204064', 111, 'GOHARY', '2019-06-25', 29, 'visitor', '2', 1, '0', '0', '0000-00-00', 0, 0, '0', '0', NULL, NULL, NULL, 5, 0, NULL, NULL),
(744, 'Ayman Ghaleb', 'ghaleb@hazyuae.com', '0552992994', 91, 'Hazy UAE', '2019-06-25', 29, 'visitor', '1', 1, '0', '0', '0000-00-00', 0, 0, '0', '0', NULL, NULL, NULL, 5, 0, NULL, NULL),
(745, 'Ahmed Mubarak', 'ahmed@udros.com', '0555518502', 140, 'Udros.com', '2019-06-25', 29, 'visitor', '2', 1, '0', '0', '0000-00-00', 0, 0, '0', '0', NULL, NULL, NULL, 5, 0, NULL, NULL),
(746, 'Mohammad Massri', 'mohammad@udros.com', '0501311070', 140, 'Udros.com', '2019-06-25', 29, 'visitor', '0', 1, '0', '0', '0000-00-00', 0, 0, '0', '0', NULL, NULL, NULL, 5, 0, NULL, NULL),
(747, 'Iftikar Ahmed', 'info@eimctechnical.com', '+971 55 775 9410', 226, 'EIMC Technical Services LLC', '2019-06-25', 6, 'visitor', '1', 1, '0', '0', '0000-00-00', 0, 0, '0', '0', NULL, NULL, NULL, 5, 0, NULL, NULL),
(748, 'Abraham Devadanam', 'abraham.devadanam@keita.ae', '+971 56 414 4033', 91, 'Keita', '2019-06-25', 6, 'visitor', '0', 1, '0', '0', '0000-00-00', 0, 0, '0', '0', NULL, NULL, NULL, 5, 0, NULL, NULL),
(749, 'Ahmed Mubarak', 'ahmed@udros.com', '0555518502', 140, 'udros.com ', '2019-06-25', 29, 'visitor', '0', 0, '0', '0', '0000-00-00', 0, 0, '0', '0', NULL, NULL, NULL, 5, 0, NULL, NULL),
(750, 'Fawzia Elsaeed ', 'F.elsaeed@mvp.ae', '0504324938', 27, 'MVP Tech', '2019-07-02', 22, 'visitor', '1', 1, '0', '0', '0000-00-00', 0, 0, '0', '0', NULL, NULL, NULL, 5, 0, NULL, NULL),
(751, 'Pritee Das', 'P.das@mvp.ae', '0586644196', 27, 'MVP Tech GT LLC', '2019-07-02', 22, 'visitor', '3', 1, '0', '0', '0000-00-00', 0, 0, '0', '0', NULL, NULL, NULL, 5, 0, NULL, NULL),
(752, 'James Kevan', 'James@swissgulfpartners.com', '0529951009', 43, 'SwissGulf Partners', '2019-07-02', 22, 'visitor', '1', 1, '0', '0', '0000-00-00', 0, 0, '0', '0', NULL, NULL, NULL, 5, 0, NULL, NULL),
(753, 'Kate Sedgwick', 'kate@swissgulfpartners.com', '0524709164', 43, 'SwissGulf Partners', '2019-07-02', 22, 'visitor', '1', 1, '0', '0', '0000-00-00', 0, 0, '0', '0', NULL, NULL, NULL, 5, 0, NULL, NULL),
(754, 'Mukhtar Mody', 'mukhtar@axis-ads.com', '0506577305', 3, 'Axis Advertising', '2019-07-02', 16, 'visitor', '1', 1, '0', '0', '0000-00-00', 0, 0, '0', '0', NULL, NULL, NULL, 5, 0, NULL, NULL),
(755, 'Sayeed Turon', 'sayeed.turon@velocitymena.ae', '0503365786', 156, 'Velocity Mena DMCC', '2019-07-02', 38, 'visitor', '1', 1, '0', '0', '0000-00-00', 0, 0, '0', '0', NULL, NULL, NULL, 5, 0, NULL, NULL),
(756, 'ALVIN TEODORO DAYAUON', 'dayauonap@aub.com.ph', '0508924763', 150, 'ASIA UNITED BANK', '2019-07-02', 13, 'visitor', '3', 1, '0', '0', '0000-00-00', 0, 0, '0', '0', NULL, NULL, NULL, 5, 0, NULL, NULL),
(757, 'KHALID DOMADO', 'domadok@aub.com.ph', '0551885110', 150, 'ASIA UNITED BANK', '2019-07-02', 13, 'guest', '2', 1, '0', '0', '0000-00-00', 0, 0, '0', '0', NULL, NULL, NULL, 5, 0, NULL, NULL),
(758, 'MARK LEGASPI', 'mark@phoenixlas.com', '0564803671', 251, 'PHOENIX LAS', '2019-07-02', 13, 'visitor', '3', 1, '0', '0', '0000-00-00', 0, 0, '0', '0', NULL, NULL, NULL, 5, 0, NULL, NULL),
(759, 'KEVIN KILTU', 'kevin@hubpay.ar', '0506476590', 150, 'HUBPAY', '2019-07-02', 13, 'visitor', '3', 1, '0', '0', '0000-00-00', 0, 0, '0', '0', NULL, NULL, NULL, 5, 0, NULL, NULL),
(760, 'GEOFFREY DELA CRUZ', 'geoffrey@fotomoko.com', '0589065538', 195, 'FOTOMOKO', '2019-07-02', 13, 'guest', '3', 1, '0', '0', '0000-00-00', 0, 0, '0', '0', NULL, NULL, NULL, 5, 0, NULL, NULL),
(762, 'Wasaf Ejaz', 'wasaf.ejaz@tfl.global', '+971528541506', 325, 'The Food Look', '2019-07-02', 6, 'visitor', '1', 1, '0', '0', '0000-00-00', 0, 0, '0', '0', NULL, NULL, NULL, 5, 0, NULL, NULL),
(763, 'Wasaf Ejaz', 'wasaf.ejaz@tfl.global', '+971528541506', 325, 'The Food Look ', '2019-07-09', 6, 'visitor', '1', 1, '0', '0', '0000-00-00', 0, 0, '0', '0', NULL, NULL, NULL, 5, 0, NULL, NULL),
(764, 'Jules Danby', 'juliand@pipelinebdsolutions.com', '0504560779', 326, 'pipeline solutions', '2019-07-09', 16, 'visitor', '0', 1, '0', '0', '0000-00-00', 0, 0, '0', '0', NULL, NULL, NULL, 5, 0, NULL, NULL),
(765, 'Aziz Shafi', 'aziz@grillo.ae', '0557824912', 327, 'Grillo Restaurant', '2019-07-09', 11, 'visitor', '1', 1, '0', '0', '0000-00-00', 0, 0, '0', '0', NULL, NULL, NULL, 5, 0, NULL, NULL),
(766, 'Muddassir Noor', 'mdrnoor@gmail.com', '0589704192', 134, 'Grillo Restaurant', '2019-07-09', 11, 'visitor', '1', 1, '0', '0', '0000-00-00', 0, 0, '0', '0', NULL, NULL, NULL, 5, 0, NULL, NULL),
(767, 'Henriett Braun ', 'braunhenriett@hotmail.com', '0529662117', 324, 'Red Apple Crumble', '2019-07-09', 59, 'visitor', '1', 1, '0', '0', '0000-00-00', 0, 0, '0', '0', NULL, NULL, NULL, 5, 0, NULL, NULL),
(768, 'Nishant Pillai', 'nish@easypick.me', '0554900981', 92, 'Easy Pick', '2019-07-09', 34, 'visitor', '0', 0, '0', '0', '0000-00-00', 0, 0, '0', '0', NULL, NULL, NULL, 5, 0, NULL, NULL),
(769, 'Ishant', 'ishant.kumar@ae.uaeexchange.com', '0566842596', 129, 'UAE Exchange', '2019-07-09', 18, 'visitor', '0', 0, '0', '0', '0000-00-00', 0, 0, '0', '0', NULL, NULL, NULL, 5, 0, NULL, NULL),
(770, 'NILESH', 'md@desertplanners.net', '0503694525', 200, 'DESERT PLANNER TOURISM', '2019-07-09', 18, 'visitor', '0', 0, '0', '0', '0000-00-00', 0, 0, '0', '0', NULL, NULL, NULL, 5, 0, NULL, NULL),
(771, 'Ishant', 'ishant.kumar@ae.uaeexchange.com', '0566842596', 150, 'UAE Exchange', '2019-07-09', 18, 'visitor', '0', 0, '0', '0', '0000-00-00', 0, 0, '0', '0', NULL, NULL, NULL, 5, 0, NULL, NULL),
(772, 'Shane Moran ', 'shane.moran@beehive.ae', '0529441727', 260, 'Beehive P2P', '2019-07-16', 58, 'visitor', '1', 1, '0', '0', '0000-00-00', 0, 0, '0', '0', NULL, NULL, NULL, 5, 0, NULL, NULL),
(773, 'Hamid', 'Dubaitastes@gmail.com', '+971 50 881 1266', 117, 'Dubai tastes', '2019-07-16', 59, 'visitor', '3', 1, '0', '0', '0000-00-00', 0, 0, '0', '0', NULL, NULL, NULL, 5, 0, NULL, NULL),
(774, 'Eddie Ryner', 'eddie@tpg.media', '050 5577403', 117, 'TPG Media', '2019-07-16', 22, 'visitor', '0', 1, '0', '0', '0000-00-00', 0, 0, '0', '0', NULL, NULL, NULL, 5, 0, NULL, NULL),
(775, 'Prasenjit Raha', 'prasenjit@justbtl.com', '0555535017', 24, 'Just BTL', '2019-07-16', 21, 'visitor', '1', 1, '0', '0', '0000-00-00', 0, 0, '0', '0', NULL, NULL, NULL, 5, 0, NULL, NULL),
(776, 'Leena Sinha', 'leena.sinha@stratinternational.com', '0582874637', 179, 'StratPartners International', '2019-07-16', 58, 'visitor', '1', 0, '0', '0', '0000-00-00', 0, 0, '0', '0', NULL, NULL, NULL, 5, 0, NULL, NULL),
(777, 'Shobhna Sharma ', 'marketing@gcdworldwide.com', '0564030062', 43, 'GCD HR & Management Consultants', '2019-07-16', 29, 'visitor', '2', 1, '0', '0', '0000-00-00', 0, 0, '0', '0', NULL, NULL, NULL, 5, 0, NULL, NULL),
(778, 'Paula', 'paula.muzikante@sevencapital.com', '0507016909', 316, 'Seven Capital Investment LLC', '2019-07-16', 21, 'visitor', '1', 0, '0', '0', '0000-00-00', 0, 0, '0', '0', NULL, NULL, NULL, 5, 0, NULL, NULL),
(779, 'Johnny Conran', 'johnny.conran@sevencapital.com', '0544118173', 316, 'Seven Capital Investment LLC', '2019-07-16', 21, 'visitor', '0', 0, '0', '0', '0000-00-00', 0, 0, '0', '0', NULL, NULL, NULL, 5, 0, NULL, NULL),
(780, 'Shilpi', 'shilpi@proteckglobal.com', '0505572127', 296, 'Proteck Global', '2019-07-16', 34, 'visitor', '0', 0, '0', '0', '0000-00-00', 0, 0, '0', '0', NULL, NULL, NULL, 5, 0, NULL, NULL),
(781, 'Alex Fennesh', 'alex.f@venturaglobal.co', '+971 52 2259913', 102, 'Ventura Global ', '2019-07-23', 6, 'visitor', '0', 1, '0', '0', '0000-00-00', 0, 0, '0', '0', NULL, NULL, NULL, 5, 0, NULL, NULL),
(782, 'Adeel Agha', 'adeel.agha@gmail.com', '0521488481', 117, 'Social Media', '2019-07-16', 34, 'visitor', '0', 0, '0', '0', '0000-00-00', 0, 0, '0', '0', NULL, NULL, NULL, 5, 0, NULL, NULL),
(783, 'Imad Bechara', 'imad@imadbechara.com', '+971506459150', 328, 'Bechara Studio', '2019-07-23', 6, 'visitor', '1', 1, '0', '0', '0000-00-00', 0, 0, '0', '0', NULL, NULL, NULL, 5, 0, NULL, NULL),
(784, 'Susie', 'susie@oneroadtaxi.com', '0529093763', 162, 'one by one rental llc', '2019-07-23', 18, 'visitor', '1', 1, '0', '0', '0000-00-00', 0, 0, '0', '0', NULL, NULL, NULL, 5, 0, NULL, NULL),
(785, 'Virginia Mutisya', 'virginia@oneroadtaxi.com', '0529093761', 162, 'one by one rental llc', '2019-07-23', 18, 'visitor', '1', 1, '0', '0', '0000-00-00', 0, 0, '0', '0', NULL, NULL, NULL, 5, 0, NULL, NULL),
(786, 'Dr.faraz', 'faraz@ameryaqeen.com', '0529455733', 150, 'Amer', '2019-07-23', 18, 'visitor', '1', 1, '0', '0', '0000-00-00', 0, 0, '0', '0', NULL, NULL, NULL, 5, 0, NULL, NULL),
(787, 'Hamid', 'Hamidreza.ebtekar1@gmail.com', '+971 50 881 1266', 117, 'Dubai tastes', '2019-07-23', 59, 'visitor', '1', 1, '0', '0', '0000-00-00', 0, 0, '0', '0', NULL, NULL, NULL, 5, 0, NULL, NULL),
(788, 'Hema Lumba', 'hemalumba@gmail.com', '0563992055', 35, 'Hema Foods ', '2019-07-23', 58, 'visitor', '1', 1, '0', '0', '0000-00-00', 0, 0, '0', '0', NULL, NULL, NULL, 5, 0, NULL, NULL),
(789, 'Hassan Sherazi', 'hassan@s2group.ae', '0552807027', 8, 'Studio Two Contracting LLC ', '2019-07-23', 58, 'visitor', '1', 1, '0', '0', '0000-00-00', 0, 0, '0', '0', NULL, NULL, NULL, 5, 0, NULL, NULL),
(790, 'Chiho Rim', 'chiho@drfive.com', '0556726193', 164, 'Dr Five Consultancy', '2019-07-23', 58, 'visitor', '1', 1, '0', '0', '0000-00-00', 0, 0, '0', '0', NULL, NULL, NULL, 5, 0, NULL, NULL),
(791, 'Aleco El Hayek', 'aleco@drfive.com', '0505875882', 164, 'Dr Five Consultancy', '2019-07-23', 58, 'guest', '0', 1, '0', '0', '0000-00-00', 0, 0, '0', '0', NULL, NULL, NULL, 5, 0, NULL, NULL),
(792, 'Injeel Moti ', 'injeel@catchcomms.com', '+971 56 712 8092', 111, 'Catch communications', '2019-07-23', 32, 'visitor', '1', 1, '0', '0', '0000-00-00', 0, 0, '0', '0', NULL, NULL, NULL, 5, 0, NULL, NULL),
(793, 'Ingrid Sahu ', 'ingridsahus@gmail.com', '0506597136', 329, 'Western union', '2019-07-23', 32, 'visitor', '1', 1, '0', '0', '0000-00-00', 0, 0, '0', '0', NULL, NULL, NULL, 5, 0, NULL, NULL),
(794, 'Hanadi el Sayyed ', 'hanadi@andhumans.ae', '0504598630', 184, '&humans consulting FZE', '2019-07-23', 32, 'visitor', '3', 1, '0', '0', '0000-00-00', 0, 0, '0', '0', NULL, NULL, NULL, 5, 0, NULL, NULL),
(795, 'GEORGE THOMAS', 'george@epsco-intl.com', '0554724406', 128, 'EPSCO LLC', '2019-07-23', 13, 'visitor', '0', 1, '0', '0', '0000-00-00', 0, 0, '0', '0', NULL, NULL, NULL, 5, 0, NULL, NULL),
(796, 'Abdul Aziz Al Sabhan', 'a.sabhan@turjmangroup.com', '0505690690', 301, 'Turjuan Group of Companies', '2019-07-23', 21, 'visitor', '1', 1, '0', '0', '0000-00-00', 0, 0, '0', '0', NULL, NULL, NULL, 5, 0, NULL, NULL),
(797, 'Suna Nakhre', 'sunaonline@gmail.com', '0504505179', 35, 'Hema Foods ', '2019-07-23', 58, 'guest', '1', 1, '0', '0', '0000-00-00', 0, 0, '0', '0', NULL, NULL, NULL, 5, 0, NULL, NULL),
(798, 'Romina Borawake', 'romina.borawake96@gmail.com', '0506968197', 49, 'Romes Rooted Nature', '2019-07-23', 58, 'guest', '1', 1, '0', '0', '0000-00-00', 0, 0, '0', '0', NULL, NULL, NULL, 5, 0, NULL, NULL),
(799, 'Gillian Elsworth ', 'elsworthgillian@gmail.com', '0085260224190', 146, 'The Skin Therapy Centre', '2019-07-23', 33, 'visitor', '1', 0, '0', '0', '0000-00-00', 0, 0, '0', '0', NULL, NULL, NULL, 5, 0, NULL, NULL),
(800, 'Moustafa Attia', 'moustafa.a@alsalamtower.com', '+971523608549', 330, 'Al Salaam Hospitality Group', '2019-07-30', 60, 'visitor', '0', 1, '0', '0', '0000-00-00', 0, 0, '0', '0', NULL, NULL, NULL, 5, 0, NULL, NULL),
(801, 'Gillian Elsworth', 'elsworthgillian@gmail.com', '+852 6022 4190', 146, 'The Skin Therapy Centre', '2019-07-30', 33, 'guest', '1', 1, '0', '0', '0000-00-00', 0, 0, '0', '0', NULL, NULL, NULL, 5, 0, NULL, NULL),
(802, 'Nishant Pillai', 'nish@easypick.me', '0554900981', 92, 'Easy Pick', '2019-07-30', 34, 'visitor', '1', 1, '0', '0', '0000-00-00', 0, 0, '0', '0', NULL, NULL, NULL, 5, 0, NULL, NULL),
(803, 'Fatima Deryan', 'info@yallacleaning.com', '0507176722', 128, 'Yalla Cleaning', '2019-07-30', 21, 'visitor', '1', 1, '0', '0', '0000-00-00', 0, 0, '0', '0', NULL, NULL, NULL, 5, 0, NULL, NULL),
(804, 'Alice Waweru', 'alice.waweru@imagictech.ae', '055 590 6420', 220, 'Imagic Tech LLC', '2019-07-30', 12, 'visitor', '1', 1, '0', '0', '0000-00-00', 0, 0, '0', '0', NULL, NULL, NULL, 5, 0, NULL, NULL),
(806, 'Cesar Breton', 'chief@manumit-group.com', '0509210524', 134, 'Manumit Group', '2019-07-30', 37, 'visitor', '0', 1, '0', '0', '0000-00-00', 0, 0, '0', '0', NULL, NULL, NULL, 5, 0, NULL, NULL),
(807, 'Samantha Starbuck', 'Samantha.Starbuck@icaew.com', '0501055962', 59, 'ICAEW', '2019-07-30', 34, 'visitor', '0', 1, '0', '0', '0000-00-00', 0, 0, '0', '0', NULL, NULL, NULL, 5, 0, NULL, NULL),
(808, 'Richard Overy', 'rwovery@hotmail.com', '0558960649', 155, 'Senex Consulting', '2019-07-30', 34, 'visitor', '1', 1, '0', '0', '0000-00-00', 0, 0, '0', '0', NULL, NULL, NULL, 5, 0, NULL, NULL),
(809, 'Angela Manthorpe', 'angela.manthorpe@mhpm.com', '0581354143', 87, 'Mhpm driver', '2019-08-06', 37, 'visitor', '1', 1, '0', '0', '0000-00-00', 0, 0, '0', '0', NULL, NULL, NULL, 5, 0, NULL, NULL),
(810, 'Rob Sahi', 'rob.sahi@futureforwarddigital.com', '0563562506', 117, 'Future Forward Digital', '2019-08-06', 58, 'visitor', '0', 1, '0', '0', '0000-00-00', 0, 0, '0', '0', NULL, NULL, NULL, 5, 0, NULL, NULL),
(811, 'Dr Dieter Malleczek', 'vetdxb@gmail.com', ' +971 50 467 6869', 207, 'Blue Oasis Veterinary Clinic', '2019-08-06', 33, 'visitor', '2', 1, '0', '0', '0000-00-00', 0, 0, '0', '0', NULL, NULL, NULL, 5, 0, NULL, NULL),
(812, 'Lithin Zacharia', 'lithin.z@smartlink.ae', '+971504504656', 72, 'Smart Link', '2019-08-06', 60, 'visitor', '0', 1, '0', '0', '0000-00-00', 0, 0, '0', '0', NULL, NULL, NULL, 5, 0, NULL, NULL),
(813, 'Abhijit Das', 'avijit@hermesvoyages.in', '+91 98300 35469', 331, 'Hermes Voyages', '2019-08-06', 27, 'visitor', '1', 0, '0', '0', '0000-00-00', 0, 0, '0', '0', NULL, NULL, NULL, 5, 0, NULL, NULL),
(814, 'Luis Felipe Arango', 'arango@whitehallconsulting.com', '+971 52 197 7119', 155, 'Whitehall & Company', '2019-08-27', 27, 'visitor', '1', 1, '0', '0', '0000-00-00', 0, 0, '0', '0', NULL, NULL, NULL, 5, 0, NULL, NULL),
(815, 'Wasaf Ejaz', 'wasaf.ejaz@tfl.global', '+971528541506', 325, 'The Food Look ', '2019-08-27', 6, 'guest', '0', 1, '0', '0', '0000-00-00', 0, 0, '0', '0', NULL, NULL, NULL, 5, 0, NULL, NULL),
(816, 'Julian Drozario', 'julian.drozario@austriabc.com', '0553868045', 332, 'Austria Business Center', '2019-08-27', 33, 'visitor', '1', 1, '0', '0', '0000-00-00', 0, 0, '0', '0', NULL, NULL, NULL, 5, 0, NULL, NULL),
(817, 'Tanya Rehman', 'tanyarehman@thecloakanddagger.org', '0506599170', 333, 'The Cloak and Dagger ', '2019-09-03', 58, 'visitor', '0', 0, '0', '0', '0000-00-00', 0, 0, '0', '0', NULL, NULL, NULL, 5, 0, NULL, NULL),
(818, 'Benson Sequeira', 'benson@spacewellinteriors.com', '0559618286', 224, 'Spacewell Interiors', '2019-09-10', 60, 'visitor', '1', 1, '0', '0', '0000-00-00', 0, 0, '0', '0', NULL, NULL, NULL, 5, 0, NULL, NULL),
(819, 'Supriya sahai', 'supriyasahai.coach@gmail.com', '0507542517', 334, 'Power house coaching and traininog ', '2019-09-03', 32, 'visitor', '0', 0, '0', '0', '0000-00-00', 0, 0, '0', '0', NULL, NULL, NULL, 5, 0, NULL, NULL),
(820, 'AMR ISMAIL', 'alexhr.dmcc@gmail.com', '0509154784', 254, 'Alex HR ', '2019-09-03', 37, 'visitor', '0', 0, '0', '0', '0000-00-00', 0, 0, '0', '0', NULL, NULL, NULL, 5, 0, NULL, NULL),
(821, 'RANIA ALY', 'info@alexhrconsultants.com', '0568219063', 254, 'ALEX HR', '2019-09-03', 37, 'visitor', '0', 0, '0', '0', '0000-00-00', 0, 0, '0', '0', NULL, NULL, NULL, 5, 0, NULL, NULL),
(822, 'Sevda Garaeva', 'sevda.garaeva@ecoclean.ae', '+971547029162', 128, 'Eco Clean', '2019-09-10', 60, 'visitor', '1', 1, '0', '0', '0000-00-00', 0, 0, '0', '0', NULL, NULL, NULL, 5, 0, NULL, NULL),
(823, 'Rob Sahi ', 'rob.sahi@futureforwarddigital.com', '0563562506', 117, 'Future Forward Digital', '2019-09-10', 58, 'visitor', '1', 1, '0', '0', '0000-00-00', 0, 0, '0', '0', NULL, NULL, NULL, 5, 0, NULL, NULL),
(824, 'Waleed Mazen', 'waleed.mazen@v-veer.com', '+971 55 877 8159', 335, 'V Veer', '2019-09-10', 27, 'visitor', '0', 1, '0', '0', '0000-00-00', 0, 0, '0', '0', NULL, NULL, NULL, 5, 0, NULL, NULL),
(825, 'Mr. Saqib Ali', 'saqib@securetransme.com', '0557931798', 320, 'SECURE TRANS', '2019-09-10', 13, 'visitor', '0', 0, '0', '0', '0000-00-00', 0, 0, '0', '0', NULL, NULL, NULL, 5, 0, NULL, NULL),
(826, 'Mr. Serkan Pakhuylu', 'serkan.pakhuylu@monetabs.com', '0503012184', 336, 'MONETA BUSINESS SOLUTIONS', '2019-09-10', 13, 'visitor', '0', 0, '0', '0', '0000-00-00', 0, 0, '0', '0', NULL, NULL, NULL, 5, 0, NULL, NULL),
(827, 'Shamir', 'shamir@megacom.ae', '0556540420', 63, 'Megacom', '2019-09-17', 10, 'visitor', '0', 1, '0', '0', '0000-00-00', 0, 0, '0', '0', NULL, NULL, NULL, 5, 0, NULL, NULL),
(828, 'Tommaso Piazzesi', 'tpiazzesi@acanto.net', '+971 54 500 6940', 218, 'Acanto', '2019-09-17', 45, 'visitor', '1', 1, '0', '0', '0000-00-00', 0, 0, '0', '0', NULL, NULL, NULL, 5, 0, NULL, NULL),
(829, 'Ankur', 'ankur@pursueit.ae', '+971 50 646 8704', 204, 'Pursue it', '2019-09-17', 32, 'visitor', '1', 1, '0', '0', '0000-00-00', 0, 0, '0', '0', NULL, NULL, NULL, 5, 0, NULL, NULL),
(830, 'Pal Bhatia', 'pul.bhatia@hotmail.com', '0505097272', 195, 'Adspeak events L.L.c', '2019-09-17', 49, 'visitor', '1', 1, '0', '0', '0000-00-00', 0, 0, '0', '0', NULL, NULL, NULL, 5, 0, NULL, NULL),
(832, 'Adnan manasawala', 'adnan@perfectemirates.com', '058251786', 145, 'Perfect Emirates Steel & Turning Co llc', '2019-09-17', 18, 'visitor', '1', 1, '0', '0', '0000-00-00', 0, 0, '0', '0', NULL, NULL, NULL, 5, 0, NULL, NULL),
(833, 'fatema', 'fatemasaboowala92@gmail.com', '0509966052', 140, 'Board game Co ', '2019-09-17', 18, 'visitor', '1', 1, '0', '0', '0000-00-00', 0, 0, '0', '0', NULL, NULL, NULL, 5, 0, NULL, NULL),
(834, 'Serkan Pakhuylu', 'Pakhuylu@gmail.com', '0503012184', 336, 'Otantica Handicrafts', '2019-09-16', 44, 'visitor', '1', 1, '0', '0', '2019-09-16', 0, 0, '0', '0', NULL, NULL, NULL, 5, 0, NULL, NULL),
(835, 'Ghizlane ', 'ghizlane@tableandbeyond.com', '0503455253', 325, 'Table and beyond', '2019-09-24', 59, 'visitor', '0', 1, '0', '0', '0000-00-00', 0, 0, '0', '0', NULL, NULL, NULL, 5, 0, NULL, NULL),
(836, 'Zukhra ', 'Zukhra@ebzeeva.com', '+971 56 508 8544', 117, 'Zukhra social media marketing', '2019-09-24', 59, 'visitor', '0', 1, '0', '0', '0000-00-00', 0, 0, '0', '0', NULL, NULL, NULL, 5, 0, NULL, NULL),
(837, 'Jessy', 'jessyrebekah@rebekahsbespoke.com', '+971 55 123 8722', 114, 'Rebekah bespoke tailoring', '2019-09-24', 59, 'guest', '1', 1, '0', '0', '0000-00-00', 0, 0, '0', '0', NULL, NULL, NULL, 5, 0, NULL, NULL),
(838, 'Mr. Ali Al Maliki', 'aaamaliki@yahoo.com', '0552101710', 338, 'Jeikor contracting ', '2019-09-24', 36, 'visitor', '0', 1, '0', '0', '0000-00-00', 0, 0, '0', '0', NULL, NULL, NULL, 5, 0, NULL, NULL),
(839, 'Naqi Hussain', 'naqi@mecanum.ae', '+971567211673&#8236;', 339, 'Mecanum', '2019-09-24', 61, 'visitor', '0', 1, '0', '0', '0000-00-00', 0, 0, '0', '0', NULL, NULL, NULL, 5, 0, NULL, NULL),
(840, 'Ani Tsaturyan', 'ani@camelothgroup.com', '+971 50 223 9353', 184, 'Cameloth HR Consultancy', '2019-09-24', 61, 'visitor', '0', 1, '0', '0', '0000-00-00', 0, 0, '0', '0', NULL, NULL, NULL, 5, 0, NULL, NULL),
(841, 'Carrie Huxley', 'carrie.dodd@toodle.ae', '0558342255', 340, 'Toodle', '2019-09-24', 16, 'visitor', '1', 1, '0', '0', '0000-00-00', 0, 0, '0', '0', NULL, NULL, NULL, 5, 0, NULL, NULL),
(842, 'Damion Lock', 'damion@leakdtech.com', '0559547370', 341, 'LeakDtech', '2019-09-24', 16, 'visitor', '1', 1, '0', '0', '0000-00-00', 0, 0, '0', '0', NULL, NULL, NULL, 5, 0, NULL, NULL),
(843, 'Vikas Attri', 'vikas.attri@gmail.com', '0506544193', 233, 'Alternative Medicines Supply Co.', '2019-09-24', 58, 'visitor', '0', 1, '0', '0', '0000-00-00', 0, 0, '0', '0', NULL, NULL, NULL, 5, 0, NULL, NULL),
(844, 'Shamir', 'shamir@megacom.ae', '0556540420', 63, 'Megacom', '2019-09-24', 10, 'visitor', '0', 1, '0', '0', '0000-00-00', 0, 0, '0', '0', NULL, NULL, NULL, 5, 0, NULL, NULL),
(845, 'Shoaib', 'Shoaib@showtechme.com', '0507033591', 251, 'Showtech Electronics LLC', '2019-09-24', 10, 'visitor', '1', 1, '0', '0', '0000-00-00', 0, 0, '0', '0', NULL, NULL, NULL, 5, 0, NULL, NULL),
(846, 'Ms. Ingrid Aureada', 'ingrid@nichemodels.co', '0505582900', 30, 'NICHE MODELING AGENCY', '2019-09-24', 13, 'visitor', '2', 1, '0', '0', '0000-00-00', 0, 0, '0', '0', NULL, NULL, NULL, 5, 0, NULL, NULL),
(847, 'Mr. Pablo Santos Jr.', 'pablo.santos@sony.com', '0508522280', 54, 'SONY MIDDLE EAST & AFRICA FZE', '2019-09-24', 13, 'visitor', '2', 1, '0', '0', '0000-00-00', 0, 0, '0', '0', NULL, NULL, NULL, 5, 0, NULL, NULL),
(848, 'Ms. Pam Enriquez', 'pam.enriquez@eongroup.ae', '+971 52 446 9287', 329, 'EON GROUP', '2019-09-24', 13, 'visitor', '0', 1, '0', '0', '0000-00-00', 0, 0, '0', '0', NULL, NULL, NULL, 5, 0, NULL, NULL),
(849, 'Ms. Celevel Butler', 'level.butler@eongroup.ae', '+971 54 522 2016', 329, 'EON GROUP', '2019-09-24', 13, 'visitor', '0', 1, '0', '0', '0000-00-00', 0, 0, '0', '0', NULL, NULL, NULL, 5, 0, NULL, NULL),
(850, 'Sangeeta Butani', 'sangeeta@dmsapiens.com', '+971 50 786 7884', 135, 'Digital Sapiens', '2019-09-24', 45, 'visitor', '2', 1, '0', '0', '0000-00-00', 0, 0, '0', '0', NULL, NULL, NULL, 5, 0, NULL, NULL),
(851, 'Vrinda Gupta', 'vrinda@vazirgroup.com', '052 506 0779', 138, 'Vazir Group', '2019-09-24', 42, 'visitor', '2', 1, '0', '0', '0000-00-00', 0, 0, '0', '0', NULL, NULL, NULL, 5, 0, NULL, NULL);
INSERT INTO `tbl_invitations` (`inv_id`, `inv_name`, `inv_email`, `inv_phone`, `inv_category`, `inv_compnay`, `inv_date`, `inv_invitedBy`, `inv_type`, `inv_status`, `inv_called`, `inv_visited`, `inv_form_filled`, `inv_interview_date`, `inv_interviewedBy1`, `inv_interviewedBy2`, `inv_voting_done`, `inv_selection_status`, `inv_category_text`, `inv_invitedBy_text`, `inv_form_filled_date`, `chapter_id`, `inv_rating`, `inv_comments`, `documents`) VALUES
(852, 'Gaetano', 'gaetano@vazirgroup.com', '052 506 0789', 138, 'Vazir Group', '2019-09-24', 42, 'visitor', '0', 1, '0', '0', '0000-00-00', 0, 0, '0', '0', NULL, NULL, NULL, 5, 0, NULL, NULL),
(853, 'Vrinda', 'vrinda@vazirgroup.com', '0525060779', 342, 'Vazir Group', '2019-09-24', 6, 'visitor', '2', 1, '0', '0', '0000-00-00', 0, 0, '0', '0', NULL, NULL, NULL, 5, 0, NULL, NULL),
(854, 'Karthikeyan Ganesan ', 'Karthikeyan.Ganesan@hilton.com', '+971 (0) 56 422 6579', 91, 'Hilton ', '2019-09-24', 42, 'visitor', '0', 1, '0', '0', '0000-00-00', 0, 0, '0', '0', NULL, NULL, NULL, 5, 0, NULL, NULL),
(855, 'Gaetano Giornofelice', 'gaetano@vazirgroup.com', '0525060789', 342, 'Vazir Group', '2019-09-24', 6, 'visitor', '0', 1, '0', '0', '0000-00-00', 0, 0, '0', '0', NULL, NULL, NULL, 5, 0, NULL, NULL),
(856, 'Patrick Tony Ranee', 'patrick.tony39@gmail.com', '0506567350', 91, 'Imperial Dragon Restaurant ', '2019-10-01', 6, 'visitor', '0', 1, '0', '0', '0000-00-00', 0, 0, '0', '0', NULL, NULL, NULL, 5, 0, NULL, NULL),
(857, 'Ahmed', 'aaqm@hotmail.com', '0564048823', 128, 'Habitat Serve Cleaning Services ', '2019-09-24', 29, 'visitor', '0', 1, '0', '0', '0000-00-00', 0, 0, '0', '0', NULL, NULL, NULL, 5, 0, NULL, NULL),
(858, 'Pam Enriquez', 'pam.enriquez@eongroup.ae', '0524469287', 329, 'EON GROUP', '2019-10-01', 13, 'visitor', '0', 1, '0', '0', '0000-00-00', 0, 0, '0', '0', NULL, NULL, NULL, 5, 0, NULL, NULL),
(859, 'Celevel Butler', 'level.butler@eongroup.ae', '0545222016', 329, 'EON GROUP', '2019-10-01', 13, 'visitor', '0', 1, '0', '0', '0000-00-00', 0, 0, '0', '0', NULL, NULL, NULL, 5, 0, NULL, NULL),
(860, 'Ingrid Aureada', 'ingrid@nichemofels.co', '0505582900', 30, 'NICHE MODELING AGENCY', '2019-10-01', 13, 'visitor', '1', 1, '0', '0', '0000-00-00', 0, 0, '0', '0', NULL, NULL, NULL, 5, 0, NULL, NULL),
(861, 'Serkan Pakhuylu', 'serkan.pakhuylu@monetabs.com', '0503012184', 336, 'MONETA BUSINESS SOLUTIONS', '2019-10-01', 13, 'visitor', '0', 1, '0', '0', '0000-00-00', 0, 0, '0', '0', NULL, NULL, NULL, 5, 0, NULL, NULL),
(862, 'Saqib Ali', 'saqib@securetransme.com', '0557931798', 320, 'SECURE TRANS', '2019-10-01', 13, 'visitor', '0', 1, '0', '0', '0000-00-00', 0, 0, '0', '0', NULL, NULL, NULL, 5, 0, NULL, NULL),
(863, ' INTHES ABSALONE', 'Inthes@italent-me.com', '+971 558507082', 343, 'iTalent', '2019-10-01', 18, 'visitor', '0', 1, '0', '0', '0000-00-00', 0, 0, '0', '0', NULL, NULL, NULL, 5, 0, NULL, NULL),
(864, 'Daniele Sgroi', 'daniel@oroooro.com', '058 949 6500', 341, 'Oroooro', '2019-10-01', 7, 'visitor', '0', 1, '0', '0', '0000-00-00', 0, 0, '0', '0', NULL, NULL, NULL, 5, 0, NULL, NULL),
(865, 'Dilip Sharma', 'dilip17@me.com', '0551015858', 91, 'Golden Biriyani ', '2019-10-01', 6, 'visitor', '0', 1, '0', '0', '0000-00-00', 0, 0, '0', '0', NULL, NULL, NULL, 5, 0, NULL, NULL),
(866, 'Grant Kirk ', 'coo@synergy-gulf.com', '+971 56 403 4263 ', 201, 'synergy-gulf', '2019-10-01', 39, 'visitor', '0', 1, '0', '0', '0000-00-00', 0, 0, '0', '0', NULL, NULL, NULL, 5, 0, NULL, NULL),
(867, 'Barry Conlon', 'bd@synergy-gulf.com', '+971 56 442 9606', 85, 'Synergy Gulf', '2019-10-01', 39, 'guest', '1', 1, '0', '0', '0000-00-00', 0, 0, '0', '0', NULL, NULL, NULL, 5, 0, NULL, NULL),
(868, 'Kasheesh', 'kasheesh_k@yahoo.com', '+91 95120 00020', 344, 'Kasheesh.KK', '2019-10-08', 6, 'guest', '0', 1, '0', '0', '0000-00-00', 0, 0, '0', '0', NULL, NULL, NULL, 5, 0, NULL, NULL),
(869, 'Grant Kirk', 'coo@synergy-gulf.com', '+971564034263', 85, 'Synergy Gulf', '2019-10-08', 39, 'guest', '0', 1, '0', '0', '0000-00-00', 0, 0, '0', '0', NULL, NULL, NULL, 5, 0, NULL, NULL),
(870, 'Barry Conlon', 'bd@synergy-gulf.com', '+971564429606 ', 85, 'Synergy Gulf', '2019-10-08', 39, 'guest', '1', 1, '0', '0', '0000-00-00', 0, 0, '0', '0', NULL, NULL, NULL, 5, 0, NULL, NULL),
(871, 'James Mathai', 'gvdoor@gmail.com', '+971501515361', 277, 'Tektronic LLC', '2019-10-08', 60, 'visitor', '0', 1, '0', '0', '0000-00-00', 0, 0, '0', '0', NULL, NULL, NULL, 5, 0, NULL, NULL),
(872, 'Brian Rich', 'brian@fillmydiary.net', '+971 52 712 1446', 156, 'Fill my Dairy', '2019-10-08', 45, 'visitor', '1', 1, '0', '0', '0000-00-00', 0, 0, '0', '0', NULL, NULL, NULL, 5, 0, NULL, NULL),
(873, 'Francisco Pellegrini', 'Francisco@eurekalabs.me', '0545202420', 67, 'Yalla baby', '2019-10-08', 38, 'visitor', '0', 1, '0', '0', '0000-00-00', 0, 0, '0', '0', NULL, NULL, NULL, 5, 0, NULL, NULL),
(874, 'Raghuvir Mehra ', 'rm@rationalyz.com', '+971503847724', 345, 'Rationalyze Financial Brokerage LLC', '2019-10-15', 58, 'visitor', '0', 1, '0', '0', '0000-00-00', 0, 0, '0', '0', NULL, NULL, NULL, 5, 0, NULL, NULL),
(875, 'Grant Gibson', 'Grant@questsearch.ae', '+971544813300', 43, 'Quest Search and Selection', '2019-10-15', 33, 'visitor', '1', 0, '0', '0', '0000-00-00', 0, 0, '0', '0', NULL, NULL, NULL, 5, 0, NULL, NULL),
(876, 'Divya Taimni', 'divyataimni9@gmail.com', '+971565822545', 182, 'Inaayat Clothing ', '2019-10-15', 58, 'guest', '0', 0, '0', '0', '0000-00-00', 0, 0, '0', '0', NULL, NULL, NULL, 5, 0, NULL, NULL),
(877, 'Roshan Khan', 'roshan.khan@rediffmail.com', '0505099320', 126, 'Roshan General Trading LLC', '2019-10-15', 38, 'visitor', '1', 1, '0', '0', '0000-00-00', 0, 0, '0', '0', NULL, NULL, NULL, 5, 0, NULL, NULL),
(878, 'Kaushik Bhalerao', 'bhaleraokaushik1989@gmail.com', '+919850988018', 187, 'Bhalerao Consultants', '2019-10-15', 58, 'guest', '0', 0, '0', '0', '0000-00-00', 0, 0, '0', '0', NULL, NULL, NULL, 5, 0, NULL, NULL),
(879, 'Grant Gibson', 'grant@questsearch.ae', '+971 54 481 3300', 43, 'Questsearch', '2019-10-22', 33, 'visitor', '1', 0, '0', '0', '0000-00-00', 0, 0, '0', '0', NULL, NULL, NULL, 5, 0, NULL, NULL),
(880, 'Vinay Patawari', 'vinay.jain@aronatrading.com', '0555674530', 346, 'Arena Trading ', '2019-10-22', 36, 'visitor', '1', 1, '0', '0', '0000-00-00', 0, 0, '0', '0', NULL, NULL, NULL, 5, 0, NULL, NULL),
(881, 'Margeret ', 'pluta.malgorzata86@gmail.com', '+971 58 587 6225', 288, 'Chia jar', '2019-10-22', 59, 'visitor', '0', 1, '0', '0', '0000-00-00', 0, 0, '0', '0', NULL, NULL, NULL, 5, 0, NULL, NULL),
(882, 'Afreen Khan', 'afreenkhan25@gmail.com', '+919967068784', 165, 'Afybiz Consulting Inc.', '2019-10-29', 60, 'guest', '0', 1, '0', '0', '0000-00-00', 0, 0, '0', '0', NULL, NULL, NULL, 5, 0, NULL, NULL),
(883, 'Stanislas PRZYKLANG', 'sprzyklang@petitforestier.com', '0588010004', 163, 'Petit Forestier', '2019-10-29', 7, 'visitor', '1', 1, '0', '0', '0000-00-00', 0, 0, '0', '0', NULL, NULL, NULL, 5, 0, NULL, NULL),
(884, 'Sabeen  faruqui', 'sabeenfaruqi@yahoo.com', '+971 50 295 5484', 158, 'Sabeen faruqi', '2019-10-29', 32, 'visitor', '1', 0, '0', '0', '0000-00-00', 0, 0, '0', '0', NULL, NULL, NULL, 5, 0, NULL, NULL),
(885, 'Mr. Jawad', 'mjawad@vaporvm.com', '0556058624', 227, 'VAPORVM IT SERVICES DMCC', '2019-10-29', 13, 'visitor', '0', 0, '0', '0', '0000-00-00', 0, 0, '0', '0', NULL, NULL, NULL, 5, 0, NULL, NULL),
(886, 'Mr. Husnain Abbas', 'habbas@vaporvm.com', '0554079838', 227, 'VAPORVM IT SERVICES DMCC', '2019-10-29', 13, 'visitor', '0', 0, '0', '0', '0000-00-00', 0, 0, '0', '0', NULL, NULL, NULL, 5, 0, NULL, NULL),
(887, 'Mr. Sachiv Mehta', 'Sachiv@supergems.com', '0505532109', 104, 'SUPER GEMS DMCC', '2019-10-29', 13, 'visitor', '0', 0, '0', '0', '0000-00-00', 0, 0, '0', '0', NULL, NULL, NULL, 5, 0, NULL, NULL),
(888, 'MS. LALAINE CHU BENITEZ', 'lalaine.chu-benitez@illustrado.co', '0504553945', 256, 'ILLUSTRADO', '2019-10-29', 13, 'visitor', '0', 1, '0', '0', '0000-00-00', 0, 0, '0', '0', NULL, NULL, NULL, 5, 0, NULL, NULL),
(890, 'Kavi Kapila', 'kavi@tmfhub.com', '0561459300', 178, 'TMF Maritime', '2019-10-29', 21, 'visitor', '1', 0, '0', '0', '0000-00-00', 0, 0, '0', '0', NULL, NULL, NULL, 5, 0, NULL, NULL),
(891, 'Zukhra ', 'zukhra@ebzeeva.com', '+971 56 508 8544', 117, 'Ebzeeva', '2019-10-29', 59, 'visitor', '0', 1, '0', '0', '0000-00-00', 0, 0, '0', '0', NULL, NULL, NULL, 5, 0, NULL, NULL),
(892, 'Ankit Bhutani', 'abhutani@delphime.com', '971555582308', 149, 'Delphi Consulting', '2019-11-12', 12, 'visitor', '3', 1, '0', '0', '0000-00-00', 0, 0, '0', '0', NULL, NULL, NULL, 5, 0, NULL, NULL),
(895, 'Milan', 'Milanrmehta@yahoo.com', '+971 50 582 6624', 287, 'Royal Ghantoot', '2019-11-05', 38, 'visitor', '0', 0, '0', '0', '0000-00-00', 0, 0, '0', '0', NULL, NULL, NULL, 5, 0, NULL, NULL),
(896, 'Siju', 'Sijumechegrdubai@gmail.com', '0555609202', 128, 'Epsco', '2019-11-05', 17, 'visitor', '0', 0, '0', '0', '0000-00-00', 0, 0, '0', '0', NULL, NULL, NULL, 5, 0, NULL, NULL),
(897, 'Ms. Lalaine Chu-Benitez', 'lalaine.chu-benitez@illustrado.co', '+971 50 455 3945', 256, 'ILLUSTRADO MAGAZINE', '2019-11-12', 13, 'visitor', '2', 1, '0', '0', '0000-00-00', 0, 0, '0', '0', NULL, NULL, NULL, 5, 0, NULL, NULL),
(898, 'Mr. Mon Benitez', 'lalaine.chu-benitez@illustrado.co', '+971 50 455 3945', 256, 'ILLUSTRADO MAGAZINE', '2019-11-12', 13, 'visitor', '2', 1, '0', '0', '0000-00-00', 0, 0, '0', '0', NULL, NULL, NULL, 5, 0, NULL, NULL),
(899, 'Ms. Michelle Guinto', 'michelle.guinto@cmggroup-int.com', '0554454908', 128, 'CMG Technical & Cleaning Services LLC', '2019-11-12', 13, 'visitor', '2', 1, '0', '0', '0000-00-00', 0, 0, '0', '0', NULL, NULL, NULL, 5, 0, NULL, NULL),
(900, 'Elena buriani', 'elena@leagrowingpeople.com', '+971 55 839 0260', 129, 'LEA growing people ', '2019-11-12', 32, 'guest', '1', 1, '0', '0', '0000-00-00', 0, 0, '0', '0', NULL, NULL, NULL, 5, 0, NULL, NULL),
(901, 'Kirsten', 'kwestholter@risingphoenixconsultancy.com', '058 6743872', 347, 'Rising Phoenix consultancy ', '2019-11-12', 32, 'visitor', '1', 1, '0', '0', '0000-00-00', 0, 0, '0', '0', NULL, NULL, NULL, 5, 0, NULL, NULL),
(902, 'Shivanshi ghosh', 'shivanshi.ghosh@newhorizons.ae', '0567947667', 348, 'New horizons', '2019-11-12', 32, 'visitor', '3', 1, '0', '0', '0000-00-00', 0, 0, '0', '0', NULL, NULL, NULL, 5, 0, NULL, NULL),
(903, 'Natalia Tandarina', 'natalia@albannaadvocates.com', '+971569205809', 83, 'Ibrahim Al Banna Advocates and Legal Consultants', '2019-11-12', 61, 'visitor', '3', 1, '0', '0', '0000-00-00', 0, 0, '0', '0', NULL, NULL, NULL, 5, 0, NULL, NULL),
(904, 'Irfaan Murshid', 'Irfanmurshid786@gmail.com', '+971551639815?', 135, '2GIS', '2019-11-12', 61, 'visitor', '3', 1, '0', '0', '0000-00-00', 0, 0, '0', '0', NULL, NULL, NULL, 5, 0, NULL, NULL),
(905, 'Asa Ferreira ', 'asa@socioloca.com', '+971556324245', 117, 'Socioloca', '2019-11-12', 6, 'visitor', '2', 1, '0', '0', '0000-00-00', 0, 0, '0', '0', NULL, NULL, NULL, 5, 0, NULL, NULL),
(906, 'Harsh Rastogi', 'h.rastogi@2gis.ae', '+971552113208', 135, '2GIS', '2019-11-12', 61, 'guest', '3', 1, '0', '0', '0000-00-00', 0, 0, '0', '0', NULL, NULL, NULL, 5, 0, NULL, NULL),
(907, 'Usman Najam', 'unajam010@gmail.com', '+971 56 818 7202?', 147, 'Network International', '2019-11-12', 61, 'visitor', '2', 1, '0', '0', '0000-00-00', 0, 0, '0', '0', NULL, NULL, NULL, 5, 0, NULL, NULL),
(911, 'Vinay shet', 'vinay@dotarabia.ae', '+971 58 558 6979', 117, 'Dot Arabia', '2019-11-12', 55, 'visitor', '0', 1, '0', '0', '0000-00-00', 0, 0, '0', '0', NULL, NULL, NULL, 5, 0, NULL, NULL),
(912, 'Test Invite', 'test@test.com', '042990099', 12, 'test Company', '2019-11-12', 22, 'visitor', '0', 0, '0', '0', '0000-00-00', 0, 0, '0', '0', NULL, NULL, NULL, 5, 0, NULL, NULL),
(913, 'M Rafi', 'm.rafi@bluehatglobal.com', '0551667798', 184, 'Blue Hat HR Services', '2019-11-12', 34, 'visitor', '0', 0, '0', '0', '0000-00-00', 0, 0, '0', '0', NULL, NULL, NULL, 5, 0, NULL, NULL),
(914, 'Francisco Martín', 'fmartin@letteringenieros.com', '+971 50 146 8683', 29, 'Letter Engineering ', '2019-11-19', 61, 'visitor', '1', 1, '0', '0', '0000-00-00', 0, 0, '0', '0', NULL, NULL, NULL, 5, 0, NULL, NULL),
(915, 'Irfaan Murshid', 'Irfanmurshid786@gmail.com', '+971 55 163 9815', 135, '2GIS', '2019-11-19', 61, 'visitor', '0', 1, '0', '0', '0000-00-00', 0, 0, '0', '0', NULL, NULL, NULL, 5, 0, NULL, NULL),
(916, 'Natalia Tandarina', 'natalia@albannaadvocates.com', '+971 56 920 5809', 83, 'Ibrahim Al Banna Advocates and Legal Consultants', '2019-11-19', 61, 'visitor', '0', 1, '0', '0', '0000-00-00', 0, 0, '0', '0', NULL, NULL, NULL, 5, 0, NULL, NULL),
(918, 'Dr. Michael Krämer', 'Michael@meyer-reumann.com', '0502567137', 350, ' Meyer-Reumann & Partners', '2019-11-19', 33, 'visitor', '1', 1, '0', '0', '0000-00-00', 0, 0, '0', '0', NULL, NULL, NULL, 5, 0, NULL, NULL),
(919, 'Ahmed Odeh', 'a.odeh@miolawfirm.com', '0506628972', 83, 'MIO Law Firm', '2019-11-19', 12, 'visitor', '1', 1, '0', '0', '0000-00-00', 0, 0, '0', '0', NULL, NULL, NULL, 5, 0, NULL, NULL),
(920, 'Ada Makowka', 'ada.anna.makowka@gmail.com', '+48690020576', 351, 'Robotivity', '2019-11-19', 27, 'guest', '0', 0, '0', '0', '0000-00-00', 0, 0, '0', '0', NULL, NULL, NULL, 5, 0, NULL, NULL),
(921, 'Kamil Makowka', 'kamil.marek.makowka@gmail.com', '+48690020576', 351, 'Robotivity', '2019-11-19', 27, 'guest', '0', 0, '0', '0', '0000-00-00', 0, 0, '0', '0', NULL, NULL, NULL, 5, 0, NULL, NULL),
(922, 'Aida Sahraoui', 'aida@wone.ae', '+971 50 252 9860', 352, 'Wone Digital', '2019-11-19', 27, 'visitor', '1', 1, '0', '0', '0000-00-00', 0, 0, '0', '0', NULL, NULL, NULL, 5, 0, NULL, NULL),
(923, 'Gopinath Umakanthan', 'ukgopi@hotmail.com', '0551300471', 345, 'Fair Fx', '2019-11-19', 29, 'visitor', '1', 1, '0', '0', '0000-00-00', 0, 0, '0', '0', NULL, NULL, NULL, 5, 0, NULL, NULL),
(924, 'Pratik Jethani', 'prj@wafrahcars.com', '0554625090', 150, 'Wafrah Automotive', '2019-11-19', 29, 'visitor', '1', 1, '0', '0', '0000-00-00', 0, 0, '0', '0', NULL, NULL, NULL, 5, 0, NULL, NULL),
(925, 'Aristotle “Arish” Perez', 'arish@melrish.com', '0502664104', 122, 'HandyMady Technical Services', '2019-11-19', 13, 'visitor', '2', 1, '0', '0', '0000-00-00', 0, 0, '0', '0', NULL, NULL, NULL, 5, 0, NULL, NULL),
(926, 'Basit Ali', 'lhadhat.translation1@gmail.com', '0589754189', 301, 'LHADHAT LEGAL TRANSLATION SERVICES', '2019-11-19', 13, 'visitor', '0', 1, '0', '0', '0000-00-00', 0, 0, '0', '0', NULL, NULL, NULL, 5, 0, NULL, NULL),
(927, 'Najla maqsood ', 'n@mesh.ae', '0553377916', 2, 'Mesh', '2019-11-19', 32, 'visitor', '1', 1, '0', '0', '0000-00-00', 0, 0, '0', '0', NULL, NULL, NULL, 5, 0, NULL, NULL),
(928, 'Asa Ferreira ', 'asa@socioloca.com', '+971556324245', 117, 'Socioloco', '2019-11-19', 6, 'visitor', '2', 1, '0', '0', '0000-00-00', 0, 0, '0', '0', NULL, NULL, NULL, 5, 0, NULL, NULL),
(929, 'Vinay Shet', 'vinay@dotarabia.ae', '0585586979', 117, 'Dot Arabia', '2019-11-19', 55, 'visitor', '1', 1, '0', '0', '0000-00-00', 0, 0, '0', '0', NULL, NULL, NULL, 5, 0, NULL, NULL),
(930, 'Milan', 'Milanrmehta@yahoo.com', '0505826624', 287, 'Royal Ghantoot', '2019-11-19', 38, 'visitor', '2', 1, '0', '0', '0000-00-00', 0, 0, '0', '0', NULL, NULL, NULL, 5, 0, NULL, NULL),
(931, 'Miguel', 'Palacios@meinl.at', '0526140870', 215, 'Julius Meinl', '2019-11-19', 38, 'visitor', '3', 1, '0', '0', '0000-00-00', 0, 0, '0', '0', NULL, NULL, NULL, 5, 0, NULL, NULL),
(932, 'Darshit Sagar', 'darshit@devji.com', '0568024375', 104, 'Devji Gems & Jewellery DMCC', '2019-11-26', 62, 'visitor', '1', 1, '0', '0', '0000-00-00', 0, 0, '0', '0', NULL, NULL, NULL, 5, 0, NULL, NULL),
(933, 'Chef Diljoy Rebello', 'diljoyr@gmail.com', '0566445545', 279, 'Chef', '2019-11-26', 59, 'visitor', '0', 1, '0', '0', '0000-00-00', 0, 0, '0', '0', NULL, NULL, NULL, 5, 0, NULL, NULL),
(934, 'Apurv Bhatnagar', 'Apurv@furban.net', '+971 50 719 9369', 265, 'Furbin', '2019-11-26', 32, 'visitor', '0', 0, '0', '0', '0000-00-00', 0, 0, '0', '0', NULL, NULL, NULL, 5, 0, NULL, NULL),
(935, 'Michael Krämer ', 'Michael@meyer-reumann.com', '+9714 - 33 17 110', 349, '	 Meyer-Reumann & Partners', '2019-11-26', 33, 'visitor', '1', 1, '0', '0', '0000-00-00', 0, 0, '0', '0', NULL, NULL, NULL, 5, 0, NULL, NULL),
(937, 'Trena Doris', 'trenadoris@gmail.com', '0508037677', 75, 'Blush and White Event', '2019-11-26', 52, 'visitor', '0', 1, '0', '0', '0000-00-00', 0, 0, '0', '0', NULL, NULL, NULL, 5, 0, NULL, NULL),
(938, 'ARISTOTLE “ARISH” PEREZ', 'arish@handymady.com', '0502664104', 122, 'HANDYMADY TECHNICAL SERVICES', '2019-11-26', 13, 'visitor', '0', 1, '0', '0', '0000-00-00', 0, 0, '0', '0', NULL, NULL, NULL, 5, 0, NULL, NULL),
(939, 'Bianca ', 'bianca.gracias@suitsadvisors.com', '+971 50 870 4730', 83, 'Suits and advisors ', '2019-11-26', 32, 'guest', '1', 1, '0', '0', '0000-00-00', 0, 0, '0', '0', NULL, NULL, NULL, 5, 0, NULL, NULL),
(940, 'Gopinath ', 'ukgopi@hotmail.com', '0551300471', 93, 'Fair FX', '2019-11-26', 29, 'visitor', '2', 1, '0', '0', '0000-00-00', 0, 0, '0', '0', NULL, NULL, NULL, 5, 0, NULL, NULL),
(941, 'Pratik Jethani', 'prj@wafrahcars.com', '0554625090', 199, 'Wafrah Automotive ', '2019-11-26', 29, 'visitor', '1', 1, '0', '0', '0000-00-00', 0, 0, '0', '0', NULL, NULL, NULL, 5, 0, NULL, NULL),
(942, 'SONIYA', 'soniya@codeandco.ae', '0569669195', 218, 'Code & Co', '2019-11-26', 62, 'visitor', '2', 1, '0', '0', '0000-00-00', 0, 0, '0', '0', NULL, NULL, NULL, 5, 0, NULL, NULL),
(943, 'Wei Rong', 'wei@dmcc.ae', '0565089962', 354, 'DMCC', '2019-11-26', 22, 'visitor', '0', 1, '0', '0', '0000-00-00', 0, 0, '0', '0', NULL, NULL, NULL, 5, 0, NULL, NULL),
(944, 'Ahmad Sabinati', 'a.sbinati@pppropertiesdubai.com', '0526788555', 355, 'Paris Prestige Properties', '2019-11-26', 22, 'visitor', '0', 1, '0', '0', '0000-00-00', 0, 0, '0', '0', NULL, NULL, NULL, 5, 0, NULL, NULL),
(945, 'Kirsten', 'kwestholter@risingphoenixconsultancy.com', '0586743872', 178, 'Rising Phoenix consultancy ', '2019-12-10', 32, 'visitor', '2', 1, '0', '0', '0000-00-00', 0, 0, '0', '0', NULL, NULL, NULL, 5, 0, NULL, NULL),
(946, 'Kevin Raj', 'kevinraj@gmail.com', '0565415575', 342, 'Cevex Events', '2019-12-10', 52, 'visitor', '1', 1, '0', '0', '0000-00-00', 0, 0, '0', '0', NULL, NULL, NULL, 5, 0, NULL, NULL),
(947, 'Apurv ', 'apurv@furban.net', '+971 50 719 9369', 179, 'FURBAN', '2019-12-10', 32, 'visitor', '1', 1, '0', '0', '0000-00-00', 0, 0, '0', '0', NULL, NULL, NULL, 5, 0, NULL, NULL),
(948, 'JESUS GALANG', 'jgtservicesllc@gmail.com', '0506768144', 26, 'JGTS TECHNICAL SERVICES', '2019-12-10', 13, 'visitor', '2', 1, '0', '0', '0000-00-00', 0, 0, '0', '0', NULL, NULL, NULL, 5, 0, NULL, NULL),
(949, 'ALBERTO OPENA', 'albertodxb04@yahoo.com', '0504687238', 399, 'OUNCE', '2019-12-10', 13, 'visitor', '1', 1, '0', '0', '0000-00-00', 0, 0, '0', '0', NULL, NULL, NULL, 5, 0, NULL, NULL),
(950, 'SAJINA PANICKER', 'migration@cgisme.com', '0529855177', 591, 'CANOPEE', '2019-12-10', 13, 'visitor', '0', 1, '0', '0', '0000-00-00', 0, 0, '0', '0', NULL, NULL, NULL, 5, 0, NULL, NULL),
(951, 'NEELAM', 'Neelam@crownsway.co.uk', '+44 7818 347753', 592, 'CROWNSWAY', '2019-12-10', 13, 'guest', '0', 1, '0', '0', '0000-00-00', 0, 0, '0', '0', NULL, NULL, NULL, 5, 0, NULL, NULL),
(952, 'SUHAIL', 'suhail@tajglassworks.com', '+91 99404 14232', 490, 'TAJ GLASS WORKS LTD', '2019-12-10', 13, 'guest', '0', 0, '0', '0', '0000-00-00', 0, 0, '0', '0', NULL, NULL, NULL, 5, 0, NULL, NULL),
(954, ' Liz Teano', 'liz@buzinessware.com', '0564127773', 247, 'Business Ware', '2019-12-10', 22, 'visitor', '2', 1, '0', '0', '0000-00-00', 0, 0, '0', '0', NULL, NULL, NULL, 5, 0, NULL, NULL),
(955, 'Mehdi Yasir', 'knacktechnical@gmail.com', '0552987601', 63, 'Knack Technical', '2019-12-10', 22, 'visitor', '1', 1, '0', '0', '0000-00-00', 0, 0, '0', '0', NULL, NULL, NULL, 5, 0, NULL, NULL),
(956, 'Arvinder ', 'arvinder.gill@cfsgroup.com', '+971 50 551 2290', 48, 'Continental Group ', '2019-12-10', 32, 'guest', '1', 1, '0', '0', '0000-00-00', 0, 0, '0', '0', NULL, NULL, NULL, 5, 0, NULL, NULL),
(957, 'Hemant Julka', 'hemantjulka@gmail.com', '0582631317', 208, 'Veggitech', '2019-12-10', 34, 'visitor', '0', 1, '0', '0', '0000-00-00', 0, 0, '0', '0', NULL, NULL, NULL, 5, 0, NULL, NULL),
(958, 'Ameen Akbar', 'ameen.akbar@astrivuae.com', '+971543604260	', 274, 'Astriv ', '2019-12-10', 12, 'visitor', '1', 1, '0', '0', '0000-00-00', 0, 0, '0', '0', NULL, NULL, NULL, 5, 0, NULL, NULL),
(959, 'Arvinder ', 'arvinder.s.gill@gmail.com', '+971 50 551 2290', 48, 'Continental group ', '2019-12-10', 32, 'guest', '1', 1, '0', '0', '0000-00-00', 0, 0, '0', '0', NULL, NULL, NULL, 5, 0, NULL, NULL),
(960, 'Kawhzak ', 'Tdtkawhzak@gmail.com', '+971 52 166 5779', 457, 'Lornzeo Fitness Dubai', '2019-12-10', 6, 'visitor', '2', 1, '0', '0', '0000-00-00', 0, 0, '0', '0', NULL, NULL, NULL, 5, 0, NULL, NULL),
(961, 'Ravi ', 'ravi.chowdhury@coppercomm.com', '0552411160', 155, 'Copper communications ', '2019-12-10', 32, 'guest', '1', 1, '0', '0', '0000-00-00', 0, 0, '0', '0', NULL, NULL, NULL, 5, 0, NULL, NULL),
(962, 'Kevin raj', 'kevinjraj@gmail.com', '0565415575', 342, 'Cevex Events', '2019-12-10', 52, 'visitor', '0', 0, '0', '0', '0000-00-00', 0, 0, '0', '0', NULL, NULL, NULL, 5, 0, NULL, NULL),
(963, 'Ameer Saib', 'ameersaib66@gmail.com', '+1 (561) 542-2524', 519, 'Health Codes DNA ', '2019-12-10', 42, 'visitor', '0', 0, '0', '0', '0000-00-00', 0, 0, '0', '0', NULL, NULL, NULL, 5, 0, NULL, NULL),
(964, 'Minakshi', 'Meenakshi@alphabetstreetnursery.com', '+971 55 977 0701', 4, 'Alphabet nursery', '2019-12-10', 18, 'visitor', '0', 0, '0', '0', '0000-00-00', 0, 0, '0', '0', NULL, NULL, NULL, 5, 0, NULL, NULL),
(965, 'Sohail Fraz', 'Sohailhector@yahoo.com', '+971507962702', 346, 'Lucky Impex', '2019-12-17', 61, 'visitor', '1', 1, '0', '0', '0000-00-00', 0, 0, '0', '0', NULL, NULL, NULL, 5, 0, NULL, NULL),
(966, 'Bhavik Salvi', 'bhavik@backbase.com', '0563929595', 528, 'Back Base', '2019-12-17', 7, 'visitor', '3', 1, '0', '0', '0000-00-00', 0, 0, '0', '0', NULL, NULL, NULL, 5, 0, NULL, NULL),
(967, 'Liz Teano', 'liz@buzinessware.com', '0564127773', 247, 'Business Ware', '2019-12-17', 22, 'visitor', '2', 1, '0', '0', '0000-00-00', 0, 0, '0', '0', NULL, NULL, NULL, 5, 0, NULL, NULL),
(968, 'Mehdi Yasir', 'knacktechnical@gmail.com', '0552987601', 63, 'Knack Technical', '2019-12-17', 22, 'visitor', '2', 1, '0', '0', '0000-00-00', 0, 0, '0', '0', NULL, NULL, NULL, 5, 0, NULL, NULL),
(969, 'Mohamed Meeran', 'mohamed.meeran@atlassteel.ae', '0505870133', 593, 'Atlas Steel', '2019-12-17', 16, 'visitor', '1', 1, '0', '0', '0000-00-00', 0, 0, '0', '0', NULL, NULL, NULL, 5, 0, NULL, NULL),
(970, 'Vinay ', 'vinay@spot-check.com', '054 447 4053', 332, 'Spot check ', '2019-12-17', 32, 'visitor', '2', 1, '0', '0', '0000-00-00', 0, 0, '0', '0', NULL, NULL, NULL, 5, 0, NULL, NULL),
(971, 'Sreeja ', 'sreeja.n@spot-check.com', '058 274 5760', 519, 'Spot check ', '2019-12-17', 32, 'visitor', '1', 1, '0', '0', '0000-00-00', 0, 0, '0', '0', NULL, NULL, NULL, 5, 0, NULL, NULL),
(972, 'Kawhzak ', 'Tdtkawhzak@gmail.com', '+971 52 166 5779', 457, 'Lornzeo Fitness Dubai', '2019-12-17', 6, 'visitor', '1', 1, '0', '0', '0000-00-00', 0, 0, '0', '0', NULL, NULL, NULL, 5, 0, NULL, NULL),
(973, 'Jehan fernando', 'jehankf1@gmail.com', '+94777329227', 76, 'Carekleen Pvt Ltd', '2019-12-17', 6, 'guest', '0', 0, '0', '0', '0000-00-00', 0, 0, '0', '0', NULL, NULL, NULL, 5, 0, NULL, NULL),
(974, 'Jot Singh', 'jotvarsha@gmail.com', '0503950840', 528, 'Commercial Bank Of Dubai', '2019-12-17', 29, 'visitor', '1', 1, '0', '0', '0000-00-00', 0, 0, '0', '0', NULL, NULL, NULL, 5, 0, NULL, NULL),
(975, 'NIJAS SALIM', 'nijas@fogtheagency.com', '0559987916', 3, 'FOG THE AGENCY', '2019-12-17', 62, 'visitor', '1', 1, '0', '0', '0000-00-00', 0, 0, '0', '0', NULL, NULL, NULL, 5, 0, NULL, NULL),
(976, 'VALLY OSMAN', 'Valy@ozzys.co.uk', '+971 58 954 7016', 12, 'THE BIRYANI WORKS DMCC', '2019-12-17', 13, 'visitor', '1', 1, '0', '0', '0000-00-00', 0, 0, '0', '0', NULL, NULL, NULL, 5, 0, NULL, NULL),
(977, 'Ameen Akbar', 'ameen.akbar@astrivuae.com', '0543604260', 274, 'Astriv', '2020-01-07', 12, 'visitor', '2', 1, '0', '0', '0000-00-00', 0, 0, '0', '0', NULL, NULL, NULL, 5, 0, NULL, NULL),
(979, 'Thalish Haroon', 'thalish@beuniquegroup.com', '0507680541', 72, 'Be Unique Hospitality', '2020-01-07', 12, 'visitor', '1', 1, '0', '0', '0000-00-00', 0, 0, '0', '0', NULL, NULL, NULL, 5, 0, NULL, NULL),
(980, 'Mohamed Meeran', 'mohamed.meeran@atlassteel.ae', '0505870133', 593, 'Atlas Steel', '2020-01-07', 16, 'visitor', '1', 1, '0', '0', '0000-00-00', 0, 0, '0', '0', NULL, NULL, NULL, 5, 0, NULL, NULL),
(981, 'Veda Karacaer', 'vedat.karacaer@mng.com', '050 818 4633', 593, 'Atlas Steel', '2020-01-07', 16, 'visitor', '2', 1, '0', '0', '0000-00-00', 0, 0, '0', '0', NULL, NULL, NULL, 5, 0, NULL, NULL),
(982, 'Alper Celen', 'alper@enhance.online', '+971 55 303 1555', 573, 'Joi Gifts', '2020-01-07', 27, 'visitor', '1', 1, '0', '0', '0000-00-00', 0, 0, '0', '0', NULL, NULL, NULL, 5, 0, NULL, NULL),
(983, 'Loai Taha', 'loai.taha@enhance.online', '+971 55 357 5769', 573, 'Joi Gifts', '2020-01-07', 27, 'guest', '2', 1, '0', '0', '0000-00-00', 0, 0, '0', '0', NULL, NULL, NULL, 5, 0, NULL, NULL),
(984, 'Brian Rich', 'brian@fillymydiary.net', '+971527121446', 344, 'Fill My Diary', '2020-01-14', 29, 'visitor', '0', 0, '0', '0', '0000-00-00', 0, 0, '0', '0', NULL, NULL, NULL, 5, 0, NULL, NULL),
(985, 'Brian Rich', 'Brian@fillmydiary.net', '0527121446', 344, 'Fill My Diary', '2020-01-14', 29, 'visitor', '1', 1, '0', '0', '0000-00-00', 0, 0, '0', '0', NULL, NULL, NULL, 5, 0, NULL, NULL),
(986, 'Irfan Murshid ', 'Irfanmurshid786@gmail.com', '+971 55 163 9815', 3, '2gis', '2020-01-21', 61, 'visitor', '2', 1, '0', '0', '0000-00-00', 0, 0, '0', '0', NULL, NULL, NULL, 5, 0, NULL, NULL),
(987, 'Waqas Siddiqui', 'waqas@researchkonnection.com', '0501641365', 72, 'Research Konnection', '2020-01-21', 7, 'visitor', '3', 1, '0', '0', '0000-00-00', 0, 0, '0', '0', NULL, NULL, NULL, 5, 0, NULL, NULL),
(988, 'Ehab Mahmoud', 'Ehab@Prove-IT.Services', '0504564182', 213, 'Prove-IT Services', '2020-01-21', 7, 'visitor', '1', 1, '0', '0', '0000-00-00', 0, 0, '0', '0', NULL, NULL, NULL, 5, 0, NULL, NULL),
(989, 'Mohammad Al Khaldi', 'm.khaldi@asmk.ae', '0553800384', 20, 'ASMK', '2020-01-21', 7, 'visitor', '2', 1, '0', '0', '0000-00-00', 0, 0, '0', '0', NULL, NULL, NULL, 5, 0, NULL, NULL),
(990, 'Ghizlane Benzakour', 'ghizlane@tableandbeyond.com', '+971 50 446 2727', 594, 'Table and Beyond', '2020-01-21', 61, 'visitor', '2', 1, '0', '0', '0000-00-00', 0, 0, '0', '0', NULL, NULL, NULL, 5, 0, NULL, NULL),
(991, 'Rojin', 'rgk@couriex.com', '0505899491', 320, 'Couriex', '2020-01-21', 25, 'visitor', '1', 1, '0', '0', '0000-00-00', 0, 0, '0', '0', NULL, NULL, NULL, 5, 0, NULL, NULL),
(992, 'Saim Qadar', 'saimqadar@gmail.com', '0544561333', 4, 'Inwentica', '2020-01-21', 42, 'visitor', '0', 0, '0', '0', '0000-00-00', 0, 0, '0', '0', NULL, NULL, NULL, 5, 0, NULL, NULL),
(993, 'Saim Qadar', 'saimqadar@gmail.com', '0544561333', 595, 'Inwentica', '2020-01-21', 42, 'visitor', '0', 1, '0', '0', '0000-00-00', 0, 0, '0', '0', NULL, NULL, NULL, 5, 0, NULL, NULL),
(994, 'Duncan Pearce ', 'duncan.pearce@hpl-fm.com', '+971566050431', 409, 'HPL Pest Control Services LLC ', '2020-01-21', 39, 'visitor', '2', 1, '0', '0', '0000-00-00', 0, 0, '0', '0', NULL, NULL, NULL, 5, 0, NULL, NULL),
(995, 'Khaled Bushnaq', 'khaled@ems-int.com', '+971 50 625 9761', 62, 'EMS International', '2020-01-21', 6, 'visitor', '1', 1, '0', '0', '0000-00-00', 0, 0, '0', '0', NULL, NULL, NULL, 5, 0, NULL, NULL),
(996, 'Ameen Akbar', 'ameen.akbar@astrivuae.com', '971543604260', 274, 'Astriv', '2020-01-21', 12, 'visitor', '2', 1, '0', '0', '0000-00-00', 0, 0, '0', '0', NULL, NULL, NULL, 5, 0, NULL, NULL),
(997, 'Ghizlane Benzakour', 'ghizlane@tableandbeyond.com', '+971 50 446 2727?', 594, 'Table and Beyond', '2020-01-28', 61, 'visitor', '0', 1, '0', '0', '0000-00-00', 0, 0, '0', '0', NULL, NULL, NULL, 5, 0, NULL, NULL),
(998, 'Ahsen Aamir Murad', 'ahsen.murad@gmail.com', '050-346-7045', 596, 'Institute of Knowledge and Leadership (IKL)', '2020-01-21', 22, 'visitor', '3', 1, '0', '0', '0000-00-00', 0, 0, '0', '0', NULL, NULL, NULL, 5, 0, NULL, NULL),
(999, 'Bharat GC', 'bharath.gc@asa.ventures', '+971 543856808', 79, 'Asa Ventures', '2020-01-21', 6, 'visitor', '2', 1, '0', '0', '0000-00-00', 0, 0, '0', '0', NULL, NULL, NULL, 5, 0, NULL, NULL),
(1000, 'Deepak Ahuja', 'deepak.ahuja@bhcapitol.com', '0505579133', 557, 'Aimapex Consultancy FZC ', '2020-01-28', 58, 'visitor', '0', 1, '0', '0', '0000-00-00', 0, 0, '0', '0', NULL, NULL, NULL, 5, 0, NULL, NULL),
(1001, 'Hayley Peak', 'sales@wellnesswholesale.com.au', '+61414859571', 519, 'Wellness Wholesale', '2020-01-28', 61, 'guest', '1', 1, '0', '0', '0000-00-00', 0, 0, '0', '0', NULL, NULL, NULL, 5, 0, NULL, NULL),
(1002, 'Atul Dhawan', 'atul.dhawan@auramyst.com', '0506342834', 544, 'Aura Myst Home Fragrance', '2020-01-28', 34, 'visitor', '1', 1, '0', '0', '0000-00-00', 0, 0, '0', '0', NULL, NULL, NULL, 5, 0, NULL, NULL),
(1003, 'Durga Kumari', 'durga.k@khanasutra.org', '0561187834', 12, 'Khanasutra', '2020-01-28', 34, 'visitor', '1', 1, '0', '0', '0000-00-00', 0, 0, '0', '0', NULL, NULL, NULL, 5, 0, NULL, NULL),
(1004, 'Michelle Oliveira', 'michelle.oliveira@sdsdxb.com', '+971565046005', 65, 'Xpandretail powered by Savant Data System', '2020-01-28', 29, 'visitor', '0', 1, '0', '0', '0000-00-00', 0, 0, '0', '0', NULL, NULL, NULL, 5, 0, NULL, NULL),
(1005, 'Mohammad Hafeez', 'khuram@wistech.biz', '0551543272', 15, 'We Fix', '2020-01-28', 22, 'visitor', '1', 1, '0', '0', '0000-00-00', 0, 0, '0', '0', NULL, NULL, NULL, 5, 0, NULL, NULL),
(1006, 'Ahsen Aamir Murad', 'ahsen.murad@gmail.com', '050-346-7045', 596, 'Institute of Knowledge and Leadership (IKL)', '2020-01-28', 22, 'visitor', '3', 1, '0', '0', '0000-00-00', 0, 0, '0', '0', NULL, NULL, NULL, 5, 0, NULL, NULL),
(1007, 'Kavita Kewalramani', 'kavita@esdubai.com', '0554577570', 4, 'ES Dubai', '2020-01-28', 65, 'visitor', '1', 1, '0', '0', '0000-00-00', 0, 0, '0', '0', NULL, NULL, NULL, 5, 0, NULL, NULL),
(1008, 'Craig West', 'coach@fha-uae.com', '0555999446', 597, 'FHA Sports Coaching Services', '2020-01-28', 33, 'visitor', '1', 1, '0', '0', '0000-00-00', 0, 0, '0', '0', NULL, NULL, NULL, 5, 0, NULL, NULL),
(1009, 'Aiza domingo', 'aiza@sunday.ae', '+971 54 777 3710', 16, 'Sunday.ae', '2020-01-28', 52, 'visitor', '1', 1, '0', '0', '0000-00-00', 0, 0, '0', '0', NULL, NULL, NULL, 5, 0, NULL, NULL),
(1010, 'tameem shayya', 'tameemshayya@gmail.com', '0508548842', 72, 'expo 2020', '2020-01-28', 66, 'visitor', '1', 1, '0', '0', '0000-00-00', 0, 0, '0', '0', NULL, NULL, NULL, 5, 0, NULL, NULL),
(1011, 'Ranjana Lobo', 'ranjana2@gmail.com', '0561792962', 415, 'Environmental Agency', '2020-01-28', 21, 'visitor', '2', 1, '0', '0', '0000-00-00', 0, 0, '0', '0', NULL, NULL, NULL, 5, 0, NULL, NULL),
(1012, 'Ranjana Lobo', 'ranjana2@gmail.com', '0561792962', 415, 'Environmental Agency', '2020-01-28', 21, 'visitor', '2', 1, '0', '0', '0000-00-00', 0, 0, '0', '0', NULL, NULL, NULL, 5, 0, NULL, NULL),
(1013, 'Ammr', 'ammr.baghdane@ai-energy.net', '+971 50 225 0965', 281, 'A&I Energy', '2020-01-28', 38, 'visitor', '1', 1, '0', '0', '0000-00-00', 0, 0, '0', '0', NULL, NULL, NULL, 5, 0, NULL, NULL),
(1014, 'KarimaKrechiem', 'karima@keen-knowledge.com', '0543030558', 310, 'Keen Knowledge', '2020-01-28', 67, 'visitor', '2', 1, '0', '0', '0000-00-00', 0, 0, '0', '0', NULL, NULL, NULL, 5, 0, NULL, NULL),
(1015, 'Ghizlane Benzakour', 'ghizlane@tableandbeyond.com', '+971 50 446 2727', 594, 'Table and Beyond', '2020-02-04', 61, 'visitor', '2', 0, '0', '0', '0000-00-00', 0, 0, '0', '0', NULL, NULL, NULL, 5, 0, NULL, NULL),
(1016, 'Rafi', 'amrafi2001@gmail.com', '+971 55 166 7798', 355, 'Blue hat HR SERVICES ', '2020-02-04', 32, 'visitor', '1', 1, '0', '0', '0000-00-00', 0, 0, '0', '0', NULL, NULL, NULL, 5, 0, NULL, NULL),
(1017, 'Ernest ', 'ernestjhosking@gmail.com', '+971 50 550 3160', 7, 'Titan management consultants ', '2020-02-04', 32, 'visitor', '0', 1, '0', '0', '0000-00-00', 0, 0, '0', '0', NULL, NULL, NULL, 5, 0, NULL, NULL),
(1018, 'Farzana Kazemi ', 'farzana@trailblazerglobal.com', '0501753079', 419, 'Trailblazer ', '2020-02-04', 32, 'visitor', '1', 1, '0', '0', '0000-00-00', 0, 0, '0', '0', NULL, NULL, NULL, 5, 0, NULL, NULL),
(1019, 'Deepak Ahuja', 'deepak.ahuja@bhcapitol.com', '0505579133', 557, 'Aimapex consultancy FZC', '2020-02-04', 58, 'visitor', '1', 1, '0', '0', '0000-00-00', 0, 0, '0', '0', NULL, NULL, NULL, 5, 0, NULL, NULL),
(1020, 'Prasanth Edassari ', 'prasanth@gravityemc.com', '+971501889688', 1, 'Gravity - The Holding Force ', '2020-02-04', 18, 'visitor', '3', 1, '0', '0', '0000-00-00', 0, 0, '0', '0', NULL, NULL, NULL, 5, 0, NULL, NULL),
(1021, 'Pramod Kumar', 'spramodkumar@gmail.com', '0563473001', 274, '4homes', '2020-02-04', 29, 'guest', '0', 1, '0', '0', '0000-00-00', 0, 0, '0', '0', NULL, NULL, NULL, 5, 0, NULL, NULL),
(1022, 'Sudipta Mazeydar', 'dasiswar@gmail.com', '+971582268890', 98, 'Mazedar Foods', '2020-02-04', 18, 'visitor', '1', 1, '0', '0', '0000-00-00', 0, 0, '0', '0', NULL, NULL, NULL, 5, 0, NULL, NULL),
(1023, 'Muhammad Shabbar', 'mshabbar@manal.ae', '0507354670', 600, 'Al Manal Development FZCO', '2020-02-04', 22, 'visitor', '1', 1, '0', '0', '0000-00-00', 0, 0, '0', '0', NULL, NULL, NULL, 5, 0, NULL, NULL),
(1024, 'Ahsen Aamir Murad', 'ahsen.murad@gmail.com', '050-346-7045', 596, 'Institute of Knowledge and Leadership (IKL)', '2020-02-04', 22, 'visitor', '1', 1, '0', '0', '0000-00-00', 0, 0, '0', '0', NULL, NULL, NULL, 5, 0, NULL, NULL),
(1025, 'Lukas Krejca', 'lukas@jayid.co', '+971 52 349 2487', 313, 'Jayid', '2020-02-04', 45, 'visitor', '1', 1, '0', '0', '0000-00-00', 0, 0, '0', '0', NULL, NULL, NULL, 5, 0, NULL, NULL),
(1026, 'Vikas Attri ', 'vikas.attri@aksharcapital.org', '0506544193', 30, 'Akshar Capital ', '2020-02-04', 58, 'visitor', '1', 1, '0', '0', '0000-00-00', 0, 0, '0', '0', NULL, NULL, NULL, 5, 0, NULL, NULL),
(1027, 'Rahil Taneja ', 'rahil.taneja@africapledge.com', '0566027222', 601, 'Africa Pledge Partners ', '2020-02-04', 58, 'visitor', '1', 1, '0', '0', '0000-00-00', 0, 0, '0', '0', NULL, NULL, NULL, 5, 0, NULL, NULL),
(1029, 'Ruba', 'ruba@3dinova.com', '+971508914828', 43, '3D Inova', '2020-02-18', 12, 'visitor', '3', 1, '0', '0', '0000-00-00', 0, 0, '0', '0', NULL, NULL, NULL, 5, 0, NULL, NULL),
(1030, 'Mr.Stephen Jomartz', 'sjomartz@dynagraph.net', '0506599265', 40, 'DYNAGRAPH FOR PRINTING INDUSTRY LLC ', '2020-02-04', 18, 'visitor', '2', 1, '0', '0', '0000-00-00', 0, 0, '0', '0', NULL, NULL, NULL, 5, 0, NULL, NULL),
(1031, 'Ella Cole', 'Ella@breathingroom.ae', '+971 55 446 8897', 602, 'The Breathing Room', '2020-02-04', 63, 'visitor', '1', 1, '0', '0', '0000-00-00', 0, 0, '0', '0', NULL, NULL, NULL, 5, 0, NULL, NULL),
(1032, 'Abbas Hashmi ', 'abbashashmy@gmail.com', '0521529442', 98, 'Hashmi BBQ', '2020-02-04', 12, 'visitor', '1', 1, '0', '0', '0000-00-00', 0, 0, '0', '0', NULL, NULL, NULL, 5, 0, NULL, NULL),
(1033, 'Carlota Albert', 'carlotalbert@gmail.com', '+971 56 343 4792', 110, 'Emirates', '2020-02-11', 61, 'guest', '0', 1, '0', '0', '0000-00-00', 0, 0, '0', '0', NULL, NULL, NULL, 5, 0, NULL, NULL),
(1034, 'Öykü  Api', 'oyku.api@metlife.ae', '054 582 0730', 603, 'Metlife', '2020-02-04', 33, 'visitor', '1', 1, '0', '0', '0000-00-00', 0, 0, '0', '0', NULL, NULL, NULL, 5, 0, NULL, NULL),
(1035, 'Shankar Subramoniam', 'shankar@nafl.ae', '00 971 50 780 2631', 604, 'NAFL', '2020-02-04', 42, 'visitor', '1', 1, '0', '0', '0000-00-00', 0, 0, '0', '0', NULL, NULL, NULL, 5, 0, NULL, NULL),
(1036, 'Nidheesh Hari', 'nidheesh@abacusuae.com', '+971502523415', 438, 'Abacus Audio Visual ', '2020-02-04', 6, 'visitor', '0', 0, '0', '0', '0000-00-00', 0, 0, '0', '0', NULL, NULL, NULL, 5, 0, NULL, NULL),
(1037, 'Sajan', 'sajan@hazeuae.com', '+971 50 404 6635', 438, 'Haze Production', '2020-02-04', 6, 'visitor', '2', 1, '0', '0', '0000-00-00', 0, 0, '0', '0', NULL, NULL, NULL, 5, 0, NULL, NULL),
(1038, 'Ilina Ivana', 'divausa@hotmail.com', '0503474008', 605, 'LSTI Group', '2020-02-04', 42, 'visitor', '1', 1, '0', '0', '0000-00-00', 0, 0, '0', '0', NULL, NULL, NULL, 5, 0, NULL, NULL),
(1039, 'Armel Van Erck', 'Armel@shannonvalefoods.com', '+971505045338', 98, 'Shannon Vale Foods LLC', '2020-02-04', 18, 'visitor', '1', 1, '0', '0', '0000-00-00', 0, 0, '0', '0', NULL, NULL, NULL, 5, 0, NULL, NULL),
(1040, 'Taylor', 'Taylor@theeleganceadvisor.com', '+971 54 333 0068', 356, 'The Elegance Advisor', '2020-02-18', 32, 'visitor', '3', 1, '0', '0', '0000-00-00', 0, 0, '0', '0', NULL, NULL, NULL, 5, 0, NULL, NULL),
(1041, 'Anil Nambiar', 'anilnambiar@alhadayasign.com', '0509320604', 556, 'Al Hadaya Sign Boards LLC', '2020-02-04', 29, 'visitor', '0', 1, '0', '0', '0000-00-00', 0, 0, '0', '0', NULL, NULL, NULL, 5, 0, NULL, NULL),
(1042, 'Pankaj Shah', 'pankaj@eim.ae', '0554521706', 37, 'Image Solutions LLC', '2020-02-04', 29, 'visitor', '0', 0, '0', '0', '0000-00-00', 0, 0, '0', '0', NULL, NULL, NULL, 5, 0, NULL, NULL),
(1043, 'Sobhi Rifai', 'rifais@si.ae', '+971506546907', 46, 'Al Zorah Development', '2020-02-11', 60, 'visitor', '0', 0, '0', '0', '0000-00-00', 0, 0, '0', '0', NULL, NULL, NULL, 5, 0, NULL, NULL),
(1044, 'Imad Dana', 'imaddana@gmail.com', '+971505040645', 46, 'Al Zorah Development', '2020-02-11', 60, 'visitor', '0', 0, '0', '0', '0000-00-00', 0, 0, '0', '0', NULL, NULL, NULL, 5, 0, NULL, NULL),
(1045, 'Yvonne Spiller', 'yvonne@freedomcorporateservices.com', '+971555897152', 606, 'Freedom Corporate Services', '2020-02-11', 63, 'visitor', '0', 0, '0', '0', '0000-00-00', 0, 0, '0', '0', NULL, NULL, NULL, 5, 0, NULL, NULL),
(1046, 'Armel Van Erck', 'Armel@shannonvalefoods.com', '+971505045338', 98, 'Shannon Vale Foods LLC', '2020-02-11', 18, 'visitor', '0', 1, '0', '0', '0000-00-00', 0, 0, '0', '0', NULL, NULL, NULL, 5, 0, NULL, NULL),
(1047, 'Sudipta Mazeydar', 'dasiswar@gmail.com', '+971582268890', 98, 'Mazedar Foods', '2020-02-11', 18, 'visitor', '0', 0, '0', '0', '0000-00-00', 0, 0, '0', '0', NULL, NULL, NULL, 5, 0, NULL, NULL),
(1048, 'Amandeep Kaurr ', 'amandeep_kaurr@nautilussolutions.ae', '+971556228844', 267, 'Nautilus Solutions ', '2020-02-11', 6, 'visitor', '1', 1, '0', '0', '0000-00-00', 0, 0, '0', '0', NULL, NULL, NULL, 5, 0, NULL, NULL),
(1049, 'Siddharth', 'sidharth@divetechuae.com', '0555575290', 190, 'Divetech Marine', '2020-02-18', 12, 'visitor', '1', 1, '0', '0', '0000-00-00', 0, 0, '0', '0', NULL, NULL, NULL, 5, 0, NULL, NULL),
(1050, 'Cyril Katriki', 'cyril.katriki@hadoro.com', '+971508514688', 374, 'Hadoro Paris', '2020-02-11', 60, 'visitor', '0', 0, '0', '0', '0000-00-00', 0, 0, '0', '0', NULL, NULL, NULL, 5, 0, NULL, NULL),
(1051, 'Utpal Ghosh', 'accounting@sdtdxb.com', '+971561171323', 440, 'Sameer Digital Technology', '2020-02-11', 60, 'visitor', '0', 0, '0', '0', '0000-00-00', 0, 0, '0', '0', NULL, NULL, NULL, 5, 0, NULL, NULL),
(1052, 'Rashid Pasha', 'rashid@gr8services.ae', '0564110410', 478, 'Gr8 Services', '2020-02-11', 65, 'visitor', '0', 0, '0', '0', '0000-00-00', 0, 0, '0', '0', NULL, NULL, NULL, 5, 0, NULL, NULL),
(1053, 'Mohammad Diya Terkmanieh', 'Diya.terkmanieh@bureauveritas.com', '+971 56 418 8152', 111, 'Bureau Veritas', '2020-02-11', 7, 'visitor', '0', 0, '0', '0', '0000-00-00', 0, 0, '0', '0', NULL, NULL, NULL, 5, 0, NULL, NULL),
(1054, 'Habib Hussain', 'habibhusain@hotmail.com', '0551740025', 48, 'Pioneer Catalyst Commercial Brokers ', '2020-02-11', 21, 'visitor', '0', 0, '0', '0', '0000-00-00', 0, 0, '0', '0', NULL, NULL, NULL, 5, 0, NULL, NULL),
(1055, 'Haresh Raghani', 'hr@motivatorsuae.com', '0556414857', 607, 'Motivators General Trading LLC', '2020-02-11', 65, 'guest', '0', 0, '0', '0', '0000-00-00', 0, 0, '0', '0', NULL, NULL, NULL, 5, 0, NULL, NULL),
(1056, 'Faisal Wahid ', 'faisal.wahid@savills.me', '+971545837364', 491, 'Savills ', '2020-02-11', 60, 'visitor', '0', 0, '0', '0', '0000-00-00', 0, 0, '0', '0', NULL, NULL, NULL, 5, 0, NULL, NULL),
(1057, 'KEN PERALTA', 'ken@razonsme.ae', '+971 55 445 4829', 12, 'RAZONS MIDDLE EAST', '2020-02-11', 13, 'visitor', '0', 0, '0', '0', '0000-00-00', 0, 0, '0', '0', NULL, NULL, NULL, 5, 0, NULL, NULL),
(1058, 'BOBBIE CARELLA', 'chairman@pbc-dne.com', '+971 50 754 8943', 374, 'PHILIPPINE BUSINESS COUNCIL DNE', '2020-02-11', 13, 'guest', '0', 0, '0', '0', '0000-00-00', 0, 0, '0', '0', NULL, NULL, NULL, 5, 0, NULL, NULL),
(1059, 'LAIRINE REODICA', 'lai.reodica@gmail.com', '+971 50 159 0139', 374, 'PHILIPPINE BUSINESS COUNCIL DNE', '2020-02-11', 13, 'guest', '0', 0, '0', '0', '0000-00-00', 0, 0, '0', '0', NULL, NULL, NULL, 5, 0, NULL, NULL),
(1060, 'RENZ DOMINIC', 'renzdominic08@gmail.com', '+971 52 644 2084', 111, 'PHILIPPINE BUSINESS COUNCIL DNE', '2020-02-11', 13, 'visitor', '0', 0, '0', '0', '0000-00-00', 0, 0, '0', '0', NULL, NULL, NULL, 5, 0, NULL, NULL),
(1061, 'Amit Nayyar', 'amit_nayyar@nautilussolutions.ae', '0505543578', 267, 'Nautilus Solutions ', '2020-02-11', 6, 'guest', '0', 0, '0', '0', '0000-00-00', 0, 0, '0', '0', NULL, NULL, NULL, 5, 0, NULL, NULL),
(1062, 'Yvonne Spiller', 'yvonne@freedomcorporateservices.com', '+971555897152', 606, 'Freedom Corporate Services', '2020-02-18', 63, 'visitor', '1', 1, '0', '0', '0000-00-00', 0, 0, '0', '0', NULL, NULL, NULL, 5, 0, NULL, NULL),
(1063, 'Shalini Arora', 'shalini@sunnysideofyou.com', '0505524251', 578, 'Sunny Side Wellness FZ LLE', '2020-02-18', 34, 'visitor', '1', 1, '0', '0', '0000-00-00', 0, 0, '0', '0', NULL, NULL, NULL, 5, 0, NULL, NULL),
(1064, 'Charles Mutinda', 'charleswmutinda@gmail.com', '+254 736 006690', 63, 'Sureway Ltd.', '2020-02-18', 29, 'visitor', '0', 0, '0', '0', '0000-00-00', 0, 0, '0', '0', NULL, NULL, NULL, 5, 0, NULL, NULL),
(1065, 'Chris Sheriff', 'Chrisojango@gmail.com', '+254 736 006690', 63, 'Sureway Ltd.', '2020-02-18', 29, 'visitor', '0', 0, '0', '0', '0000-00-00', 0, 0, '0', '0', NULL, NULL, NULL, 5, 0, NULL, NULL),
(1066, 'Shamma Jetwani', 'taraasha.jetwani@gmail.com', '0557936138', 92, 'Chaat Bistro / Falafel & Shawarma', '2020-02-25', 29, 'visitor', '1', 1, '0', '0', '0000-00-00', 0, 0, '0', '0', NULL, NULL, NULL, 5, 0, NULL, NULL),
(1067, 'Sebastian Brown', 'sebastian.brown@ebury.com', '0503019623', 608, 'Ebury', '2020-02-25', 52, 'visitor', '1', 1, '0', '0', '0000-00-00', 0, 0, '0', '0', NULL, NULL, NULL, 5, 0, NULL, NULL),
(1068, 'Mohsin', 'mj@superstudio.me', '0569790000', 22, 'Super studio', '2020-02-25', 66, 'visitor', '3', 1, '0', '0', '0000-00-00', 0, 0, '0', '0', NULL, NULL, NULL, 5, 0, NULL, NULL),
(1069, 'Armel Van Erck', 'Armel@shannonvalefoods.com', '0505045338', 98, 'Shannon Vale Foods LLC', '2020-02-25', 18, 'visitor', '2', 1, '0', '0', '0000-00-00', 0, 0, '0', '0', NULL, NULL, NULL, 5, 0, NULL, NULL),
(1070, 'Zen Khan', 'zen@education1st.co.uk', '+971 55 856 3184?', 4, 'Education First', '2020-02-25', 61, 'visitor', '1', 1, '0', '0', '0000-00-00', 0, 0, '0', '0', NULL, NULL, NULL, 5, 0, NULL, NULL),
(1071, 'Mohammad Hafeez', 'mhafezeg@hotmail.com', '0508563184', 26, 'We Fix Technical and Maintenance Services', '2020-03-03', 22, 'visitor', '0', 0, '0', '0', '0000-00-00', 0, 0, '0', '0', NULL, NULL, NULL, 5, 0, NULL, NULL),
(1072, 'Bilal Amanullah Moti', 'bilalamoti@gmail.com', '0543031093', 491, 'WindMills Groups', '2020-03-03', 22, 'visitor', '0', 0, '0', '0', '0000-00-00', 0, 0, '0', '0', NULL, NULL, NULL, 5, 0, NULL, NULL),
(1073, 'Mariam Mumtaz', 'mmumtaz@pad.ae', '050 252 8399', 303, 'Pakistan Association of Dubai', '2020-03-03', 22, 'visitor', '0', 0, '0', '0', '0000-00-00', 0, 0, '0', '0', NULL, NULL, NULL, 5, 0, NULL, NULL),
(1074, 'Ahsen Aamir Murad ', 'ahsen.murad@gmail.com', '050-346-7045 ', 596, 'Institute of Knowledge and Leadership (IKL)', '2020-03-03', 22, 'visitor', '0', 0, '0', '0', '0000-00-00', 0, 0, '0', '0', NULL, NULL, NULL, 5, 0, NULL, NULL),
(1077, 'bbg_live', 'akash@wistech.biz', '0551543272', 8, 'qwer', '2020-03-03', 22, 'visitor', '0', 0, '0', '0', '0000-00-00', 0, 0, '0', '0', NULL, NULL, NULL, 5, 0, NULL, NULL),
(1078, 'aaa', 'akash@wistech.biz', '0551543272', 0, 'test', '2020-03-03', 0, 'visitor', '0', 0, '0', '0', '0000-00-00', 0, 0, '0', '0', NULL, 'sss', NULL, 5, 0, NULL, NULL),
(1079, 'bbg_live', 'akash@wistech.biz', '0551543272', 0, '23', '2020-03-03', 0, 'visitor', '0', 0, '0', '0', '0000-00-00', 0, 0, '0', '0', NULL, 'xvcbcvb', NULL, 5, 0, NULL, NULL),
(1080, 'bbg_live', 'akash@wistech.biz', '0551543272', NULL, 'asdf', '2020-03-03', NULL, 'visitor', '0', 0, '0', '0', '0000-00-00', 0, 0, '0', '0', 'sfsf', 'asdfgn', NULL, 5, 0, NULL, NULL),
(1081, 's', 'ad@gmail.com', '12345', 11, 'test', '2020-03-10', 22, 'visitor', '1', 1, '0', '1', '2020-03-08', 6, 16, '1', '1', NULL, NULL, NULL, 5, 0, '', ''),
(1082, 'wer', 'as@gmail.com', 'wer', 2, 'wer', '2020-03-10', 22, 'visitor', '0', 0, '0', '0', '0000-00-00', 0, 0, '0', '0', NULL, NULL, NULL, 5, 0, NULL, NULL),
(1083, 'bbg_live', 'akash@wistech.biz', '0551543272', 5, 'asdf', '2020-03-10', 22, 'visitor', '0', 0, '0', '0', '0000-00-00', 0, 0, '0', '0', NULL, NULL, NULL, 5, 0, NULL, NULL),
(1088, 'first visitor', 'akash@wistech.bizd', '0551543272', 7, 'test 2', '2020-03-24', 22, 'visitor', '0', 0, '0', '0', '0000-00-00', 0, 0, '0', '0', NULL, NULL, NULL, 5, 0, NULL, NULL),
(1089, 'first visitor', 'akash@wistech.bizdd', '0551543272', 7, 'test 2', '2020-03-24', 22, 'visitor', '0', 0, '0', '0', '0000-00-00', 0, 0, '0', '0', NULL, NULL, NULL, 5, 0, NULL, NULL),
(1090, 'first visitor', 'akash@wistech.bizw', '0551543272', 12, 'test 3', '2020-03-24', 22, 'visitor', '0', 0, '1', '1', '2020-03-31', 0, 0, '0', '0', NULL, NULL, NULL, 5, 3, 'dgfg', 'licence,eid,cheque'),
(1091, 'test', 'weekly@gmail.com', '12345', 1, 'test', '0000-00-00', 5, 'guest', '1', 1, '1', '1', NULL, NULL, NULL, '', '', NULL, NULL, NULL, 5, 0, NULL, NULL),
(1092, 'test', 'adwr@gmail.com', '12345', 615, 'test', '0000-00-00', 22, 'visitor', '', 0, '1', '', NULL, NULL, NULL, '', '', NULL, NULL, NULL, 5, 0, NULL, NULL),
(1093, 'test', 'ad@gmail.com', '12345', 616, 'test', '2020-03-11', 5, 'visitor', '', 0, '', '1', NULL, NULL, NULL, '', '', NULL, NULL, NULL, 5, 0, '', NULL),
(1096, 'test', 'ad@gmail.com', '12345', 10, 'test', '2020-03-11', 22, 'visitor', '', 0, '', '1', '2020-03-11', 4, 5, '', '1', NULL, NULL, NULL, 5, 0, '', ''),
(1099, '1st', '1st@gmail.com', '12345', 1, 'wisdom 1', '2020-03-17', 22, 'visitor', '', 0, '1', '1', '2020-03-18', 0, 0, '', '0', NULL, NULL, NULL, 5, 2, 'Lorem ipsum is placeholder text commonly used in the graphic, print, and publishing industries for', ''),
(1100, '2nd', '2nd@gmail.com', '12345', 4, 'wisdom 2', '2020-03-17', 18, 'visitor', '', 0, '1', '1', '2020-03-17', 6, 24, '', '1', NULL, NULL, NULL, 5, 1, 'Lorem ipsum is placeholder text commonly used in the graphic, print, and publishing industries for', 'licence,eid'),
(1101, '3rd', '3rd@gmail.com', '12345', 9, 'wisdom 3', '2020-03-17', 17, 'visitor', '', 0, '', '0', NULL, NULL, NULL, '', '0', NULL, NULL, NULL, 5, 0, NULL, NULL),
(1102, '4rth', '4rth@gmail.com', '12345', 71, 'wisdom 4', '2020-03-17', 18, 'visitor', '', 0, '1', '1', '2020-03-04', 0, 0, '', '0', NULL, NULL, NULL, 5, 3, '', ''),
(1103, '5th', '5th@gmail.com', '12345', 45, 'wisdom 5', '2020-03-17', 57, 'visitor', '', 0, '', '1', '2020-03-17', 62, 22, '', '3', NULL, NULL, NULL, 5, 0, 'test', 'licence,trn'),
(1104, '6th', '6th@gmail.com', '12345', 1, 'wisdom 6', '0000-00-00', 18, 'visitor', '0', 0, '1', '1', '2020-03-04', 0, 0, '0', '0', NULL, NULL, NULL, 5, 0, '', ''),
(1105, '6th', '6th@gmail.com', '12345', 9, 'wisdom 6', '0000-00-00', 16, 'visitor', '0', 0, '1', '0', NULL, NULL, NULL, '0', '0', NULL, NULL, NULL, 5, 0, NULL, NULL),
(1106, '6th', '6th@gmail.com', '12345', 3, 'wisdom 6', '2020-03-17', 15, 'visitor', '0', 0, '1', '1', '2020-03-18', 0, 0, '0', '0', NULL, NULL, NULL, 5, 0, '', '');

-- --------------------------------------------------------

--
-- Table structure for table `tbl_items`
--

CREATE TABLE `tbl_items` (
  `itemId` int(11) NOT NULL,
  `itemHeader` varchar(512) NOT NULL COMMENT 'Heading',
  `itemSub` varchar(1021) NOT NULL COMMENT 'sub heading',
  `itemDesc` text DEFAULT NULL COMMENT 'content or description',
  `itemImage` varchar(80) DEFAULT NULL,
  `isDeleted` tinyint(4) NOT NULL DEFAULT 0,
  `createdBy` int(11) NOT NULL,
  `createdDtm` datetime NOT NULL,
  `updatedDtm` datetime DEFAULT NULL,
  `updatedBy` int(11) DEFAULT NULL
) ENGINE=MyISAM DEFAULT CHARSET=utf8;

--
-- Dumping data for table `tbl_items`
--

INSERT INTO `tbl_items` (`itemId`, `itemHeader`, `itemSub`, `itemDesc`, `itemImage`, `isDeleted`, `createdBy`, `createdDtm`, `updatedDtm`, `updatedBy`) VALUES
(1, 'jquery.validation.js', 'Contribution towards jquery.validation.js', 'jquery.validation.js is the client side javascript validation library authored by Jörn Zaefferer hosted on github for us and we are trying to contribute to it. Working on localization now', 'validation.png', 0, 1, '2015-09-02 00:00:00', NULL, NULL),
(2, 'CodeIgniter User Management', 'Demo for user management system', 'This the demo of User Management System (Admin Panel) using CodeIgniter PHP MVC Framework and AdminLTE bootstrap theme. You can download the code from the repository or forked it to contribute. Usage and installation instructions are provided in ReadMe.MD', 'cias.png', 0, 1, '2015-09-02 00:00:00', NULL, NULL);

-- --------------------------------------------------------

--
-- Table structure for table `tbl_reset_password`
--

CREATE TABLE `tbl_reset_password` (
  `id` bigint(20) NOT NULL,
  `email` varchar(128) NOT NULL,
  `activation_id` varchar(32) NOT NULL,
  `agent` varchar(512) NOT NULL,
  `client_ip` varchar(32) NOT NULL,
  `isDeleted` tinyint(4) NOT NULL DEFAULT 0,
  `createdBy` bigint(20) NOT NULL DEFAULT 1,
  `createdDtm` datetime NOT NULL,
  `updatedBy` bigint(20) DEFAULT NULL,
  `updatedDtm` datetime DEFAULT NULL
) ENGINE=InnoDB DEFAULT CHARSET=latin1;

--
-- Dumping data for table `tbl_reset_password`
--

INSERT INTO `tbl_reset_password` (`id`, `email`, `activation_id`, `agent`, `client_ip`, `isDeleted`, `createdBy`, `createdDtm`, `updatedBy`, `updatedDtm`) VALUES
(1, 'faisal@800wisdom.ae', '499xW1FsxJwA2Sa', 'Chrome 61.0.3163.100', '0.0.0.0', 0, 1, '2017-10-17 13:17:46', NULL, NULL);

-- --------------------------------------------------------

--
-- Table structure for table `tbl_roles`
--

CREATE TABLE `tbl_roles` (
  `roleId` tinyint(4) NOT NULL COMMENT 'role id',
  `role` varchar(50) NOT NULL COMMENT 'role text'
) ENGINE=MyISAM DEFAULT CHARSET=utf8;

--
-- Dumping data for table `tbl_roles`
--

INSERT INTO `tbl_roles` (`roleId`, `role`) VALUES
(1, 'System Administrator'),
(2, 'Chapter Admin'),
(3, 'LHV'),
(4, 'Member');

-- --------------------------------------------------------

--
-- Table structure for table `tbl_users`
--

CREATE TABLE `tbl_users` (
  `userId` int(11) NOT NULL,
  `email` varchar(128) NOT NULL COMMENT 'login email',
  `password` varchar(128) NOT NULL COMMENT 'hashed login password',
  `name` varchar(128) DEFAULT NULL COMMENT 'full name of user',
  `mobile` varchar(20) DEFAULT NULL,
  `usercategory` int(11) DEFAULT NULL,
  `usercompany` varchar(255) DEFAULT NULL,
  `roleId` tinyint(4) NOT NULL,
  `isDeleted` tinyint(4) NOT NULL DEFAULT 0,
  `designation` varchar(255) NOT NULL,
  `createdBy` int(11) NOT NULL,
  `createdDtm` datetime NOT NULL,
  `updatedBy` int(11) DEFAULT NULL,
  `updatedDtm` datetime DEFAULT NULL
) ENGINE=MyISAM DEFAULT CHARSET=utf8;

--
-- Dumping data for table `tbl_users`
--

INSERT INTO `tbl_users` (`userId`, `email`, `password`, `name`, `mobile`, `usercategory`, `usercompany`, `roleId`, `isDeleted`, `designation`, `createdBy`, `createdDtm`, `updatedBy`, `updatedDtm`) VALUES
(1, 'admin@bnixyz.com', '$2y$10$US88uwvIxgG.G4Tuyf8jR.lHT4YWzQGWtpS.qdOhOlaitUhooVgDG', 'Admin', '0582646237', 0, '', 1, 0, '', 0, '2015-07-01 18:56:49', 1, '2017-10-17 13:18:49'),
(4, 'abdulhadi.chalak@boecker.com', '$2y$10$r7DgSipn/6KjKL6GaMUOD.pyjgwu0CQueqFu2ChDTEmP3pBcqrKn.', 'Abdulhadi Chalak', '0505853518', 61, 'Boecker Public Health', 3, 1, '', 0, '0000-00-00 00:00:00', 22, '2018-04-09 12:51:34'),
(5, 'ameet@supermaxtech.com', '$2y$10$1eegp.KNXrFe1xuIzFd3oOmNzUkWyJFGiMxwx/QaLotXFMlFmP4qW', 'Ameet Dighe', '0502357090', 77, 'Supermax General Trading LLC', 4, 1, '', 0, '0000-00-00 00:00:00', 22, '2018-06-04 06:49:25'),
(6, 'amrithv@lightboxprofessional.com', '$2y$10$SVZvEauYqKT2CSjCbmhz6uTxpe4tvg4Lhva/7Q5Ovi0Bx4EUT88L.', 'Amrith Verghese', '0509118058', 78, 'Lightbox Professional', 4, 0, '', 0, '0000-00-00 00:00:00', NULL, NULL),
(7, 'anna.cass@cartrack.com', '$2y$10$IE4PGXEdbdtmJbes0fGT/uS2ncJ1PdujRbjnF3SHw6CnZEFrSa8EC', 'Anna Cass', '0557274033', 79, 'Cartrack Technologies LLC', 4, 0, '', 0, '0000-00-00 00:00:00', NULL, NULL),
(62, 'ranjit@splyce.ae', '$2y$10$tmv1fBoswCt7hu01PFt5P.1j7buRVj7Ry4oO/C3idJYbBukmX0R..', 'Ranjit Prasad', '0555960892', 265, 'Splyce Interior Design LLC', 4, 0, 'Principal Architect', 22, '2019-11-18 04:26:41', NULL, NULL),
(9, 'ashish@gsts.ae', '$2y$10$BGnYgsnv9fcPp23v3p4ipeNfYd2O1rHfIUVKn51bKGVY1EfjsqwIO', 'Ashish Puri', '0553520023', 81, 'Green & Safe and Technical', 4, 1, '', 0, '0000-00-00 00:00:00', 22, '2019-09-01 01:32:33'),
(10, 'balpreet@rapidkoncept.com', '$2y$10$vNmWLrtYagWCdvzfc.SaRunb/MJqGQXk7W6M.UZ64Nfy5B2o9PG2O', 'Balpreet Singh', '0505577315', 82, 'Rapid Koncept FZE', 4, 0, '', 0, '0000-00-00 00:00:00', NULL, NULL),
(11, 'dperiwal@ach-legal.com', '$2y$10$ElX/9Y5/wkw6CtE4ncUpMurX582ESuTf6ptn2vmH4A97WmRRA5.J.', 'Devvrat Periwal', '0529826928', 83, 'AC&H Legal Consultants', 4, 1, '', 0, '0000-00-00 00:00:00', 22, '2019-10-29 08:39:06'),
(12, 'Dhiren.bhatia@cloudscape.ae', '$2y$10$6iCKczNVvwCa/fsWBeeQFOieO1Wsze8gzANLn8vRXI8ChZGy8kHIC', 'Dhiren Bhatia', '0561313162', 84, 'Cloudscape Technologies FZ Co', 4, 0, '', 0, '0000-00-00 00:00:00', NULL, NULL),
(13, 'edwin@play-mebc.ae', '$2y$10$ghTFC8lgBtrc3wzn26WsHeKJMVNik5cWYZ5c46Py.tpuKpgVy3YcC', 'Edwin Duria', '0559818886', 85, 'PLAY Middle East FZE', 4, 0, '', 0, '0000-00-00 00:00:00', NULL, NULL),
(14, 'owner@saopauloladiessalon.com', '$2y$10$6eZCMC.6.B0N.xMxPkJXbu0U0Syl9fOSKh7vnKzvgjYFNdf.ld.zm', 'Erika Al-Qaidy', '0558833883', 86, 'Sao Paulo Ladies Salon', 4, 1, '', 0, '0000-00-00 00:00:00', 22, '2018-06-04 06:49:13'),
(15, 'fahed@mechanic.ae', '$2y$10$KNTMqc0WKQCmDx0kMOHDH.kwAaI90pR61Z4fJXVboFVlUcmKrh.iK', 'Fahed Shahed', '0567818868', 87, 'The Mechanic', 4, 1, '', 0, '0000-00-00 00:00:00', 22, '2018-06-04 06:49:47'),
(16, 'hello@frank-brands.com', '$2y$10$vlCRQxAsd3sUDt4msveMUelPvPD/LcJBo9Qnmi57/JV8jSL/0Brae', 'Frank Stebbing', '0505386470', 88, 'Frank Brands', 4, 0, '', 0, '0000-00-00 00:00:00', NULL, NULL),
(17, 'marketing@orangeauto.ae', '$2y$10$6reBqHS.hkxe8YiL1GlWK..xUy/.Kra6cS.ksnPV9pOAnkViMgJjO', 'Hamid Moaref', '0529059699', 377, 'Orange Auto', 4, 0, '', 0, '0000-00-00 00:00:00', 22, '2020-01-27 02:25:02'),
(18, 'hemali@cityonetours.ae', '$2y$10$tnL/b9tQrtijzEntX4uNE.954hdCUj1Se53txvz8rr4jjOyHGEjTe', 'Hemali Shah', '0552560200', 335, 'City One Tourism & Travel LLC', 4, 0, '', 0, '0000-00-00 00:00:00', 22, '2019-12-08 06:42:59'),
(19, 'md@tastestudio.ae', '$2y$10$AVYvYz9OMOWzqW4gtDEB4uikA40yYYQyevyWpf/PAKAb6jT2scYjq', 'Hitesh Sharma', '0557635384', 91, 'Taste Studio Catering', 4, 1, '', 0, '0000-00-00 00:00:00', 22, '2018-06-04 06:47:02'),
(20, 'jason@firstflightme.com', '$2y$10$e8tiVn55cF4.G4Qld/8grO5MM/oit7LFd2o9sCyZqsG5juIj9whbi', 'Jason Johnson', '0552557741', 92, 'First Flight Couriers', 4, 1, '', 0, '0000-00-00 00:00:00', 22, '2018-04-09 12:51:58'),
(21, 'kapil@holbornassets.com', '$2y$10$9wEeY6a/uq02pSBc31A6Xuk3DyYJhbit/IDoCDh1wpjZ5pCeXYBFK', 'Kapil Mathur', '0561459300', 93, 'Holborn Assets', 4, 0, '', 0, '0000-00-00 00:00:00', NULL, NULL),
(22, 'khuram@wistech.biz', '$2y$10$3nYnKzWU5Gu53S2SDvVQv.zC9CgF7Q2Bah3Zo6jMxBfo0dt5KkMwu', 'Khuram Iqbal', '0551543272', 94, 'Wisdom IT Solutions', 2, 0, '', 0, '0000-00-00 00:00:00', NULL, NULL),
(23, 'liliane@fourpillarcommunications.com', '$2y$10$l2xbUpXl98MO8j06jh9Peu5vpXIMKUH3ZhuxEqenXBidozz1uNZPS', 'Liliane Nakad', '0566671449', 50, 'Four Pillar Communications', 4, 1, '', 0, '0000-00-00 00:00:00', 22, '2018-04-09 12:52:06'),
(24, 'manish.gupta@arkiton.ae', '$2y$10$OW.l6Hnki1P3JBHuMwUc4eRXt3uGzrrwhsDE5u1GGEMTuZAJ1/kCu', 'Manish Gupta', '0566041461', 95, 'Arkiton Engineering Consultants', 4, 1, '', 0, '0000-00-00 00:00:00', 22, '2019-09-01 01:32:45'),
(25, 'manish@libertyprintingpress.com', '$2y$10$dz35/6s3g8LI25IUC3PmBOXF2JJflfvg9LX0KyH0qUFf8VKdJWUF6', 'Manish Mukundan', '0529121501', 96, 'Liberty Printing Press', 4, 0, '', 0, '0000-00-00 00:00:00', NULL, NULL),
(26, 'mcarter@acousticlogic.ae', '$2y$10$3Fhw0IAsCWVwHSnTn4Sv/Oj6ebkf.DDaSGqAHellBkcrr01q4Te3m', 'Matthew Carter', '0553476738', 97, 'Acoustic Logic', 4, 1, '', 0, '0000-00-00 00:00:00', 22, '2019-09-01 01:33:15'),
(27, 'webmaster@webquestseo.com', '$2y$10$qF5Yvw5jYF13N2wu1YJPGOtPMHQhAz8TqIJAqS85Nj0WnqMNy2yXe', 'Mazen Aloul', '0504626593', 98, 'WebQuest', 4, 0, '', 0, '0000-00-00 00:00:00', NULL, NULL),
(28, 'mdali@asteco.net', '$2y$10$fj7OcACyrbu9XYGqrNqa3O1kyZXQHl4USqgMMVKRaB/I4JfF8rPOm', 'Muhammad Ali Chawla', '0561111611', 99, 'Asteco - Haxxon', 4, 1, '', 0, '0000-00-00 00:00:00', 22, '2018-06-04 06:47:13'),
(29, 'navinpardasani@outlook.com', '$2y$10$Q6m5s.EOz//6qo5t/f3d1eSEwz8aND5LinUIGISLti4BC/0IuMuyq', 'Navin Pardasani', '0507982051', 100, 'Right Move Mortgages', 2, 0, '', 0, '0000-00-00 00:00:00', NULL, NULL),
(30, 'nawroz@banke.ae', '$2y$10$CVj6oVoP15lrgF/uYBUBbOY9egxP2mKgwqRysNC3k56RhuAH5x7SK', 'Nawroz Mamdani', '0556120796', 101, 'Banke International Properties LLC', 4, 1, '', 0, '0000-00-00 00:00:00', 22, '2018-08-31 06:52:43'),
(31, 'neeraja.v@venturaglobal.co', '$2y$10$xL6FZB32bqIznFlhN6EVdOJP/DoV8th8wvUuzjfALtHyn/lwqvMZu', 'Neeraja Valmiki', '0556023088', 102, 'Ventura Global', 4, 1, '', 0, '0000-00-00 00:00:00', 22, '2018-08-31 06:53:03'),
(32, 'neerumarya@gmail.com', '$2y$10$cMNFSTyFcPjzybLWApN7JO6AuyLLFi0cZhvfJ03DOJm/Mo0hGK.G.', 'Neeru Sharma', '0561343628', 103, 'Marya Leadership Academy FZE', 4, 0, '', 0, '0000-00-00 00:00:00', NULL, NULL),
(33, 'aib@abmindworks.com', '$2y$10$4j4y.DIFLzrqeEBElO.gnO8BOKj8BdVPTEb1cAl1suz6U8YUog90m', 'Annie Browne', '0507020236', 286, 'AB Mindworks', 4, 0, '', 0, '0000-00-00 00:00:00', 22, '2019-07-20 13:38:07'),
(34, 'p.dhalwani@ifcgroup.co', '$2y$10$ZYDVvW7EuL8k7qmFwQdb5e16TtYshjpp2fcc4DOxELdqjtj05SQGm', 'Pramod Dhalwani', '0505520246', 105, 'IFC Group', 4, 0, '', 0, '0000-00-00 00:00:00', NULL, NULL),
(35, 'info@luminous.ae', '$2y$10$HebMq0hHT0VgSMAnsAfAruKJQ8pHmXIAY4kFyXdWIewTC.t71e5ye', 'Preet Sagar', '0504797110', 106, 'Luminous Studios', 4, 1, '', 0, '0000-00-00 00:00:00', 22, '2018-06-04 06:46:56'),
(36, 'premsb@goldenavenue.ae', '$2y$10$y9Rp4lNdrCi55elUXoHUpOvK6J6iIS9ik5AstcSMEak25idlAwfHi', 'Prem Bhojwani', '0527841002', 107, 'Golden Avenue Technology LLC', 4, 0, '', 0, '0000-00-00 00:00:00', 22, '2019-10-20 07:43:18'),
(37, 'rshah@insurewithpetra.com', '$2y$10$HNVGcRYTVZ1GcEBBXeH8z.GcnwYd1jNYE7YzLa6ZGb.a65z4SR2z6', 'Rajiv Shah', '0566449194', 108, 'Petra Insurance Brokers LLC', 4, 1, '', 0, '0000-00-00 00:00:00', 22, '2019-10-29 08:39:14'),
(38, 'Rishi@premier-brains.com', '$2y$10$0lzRsrTBlYZJCglpPc6IxeXK62HS/vh/47cBTVw/MqyKZcKjSNQbi', 'Rishi Chawla', '0503946911', 109, 'Premiere Brains Accounting & Audit', 3, 0, '', 0, '0000-00-00 00:00:00', 22, '2018-09-16 00:48:26'),
(39, 'robert@kewsolutions.com', '$2y$10$P4AFEXnJ4SdC3oM1XtE/gujKA9kzoA.TKb5KZeBarKlGbYT3Myy.u', 'Robert Kew', '0563603264', 110, 'Kew Solutions', 4, 0, '', 0, '0000-00-00 00:00:00', 22, '2018-07-02 13:59:30'),
(40, 'rowennadia@gmail.com', '$2y$10$o9WVPlo7MR6uduOVHBinBe18DSXsSQ8KjLzSUU5T79rKN2YBFUhWq', 'Rowen Nadia', '0507642683', 111, 'Inara Image Consultants', 4, 1, '', 0, '0000-00-00 00:00:00', 22, '2018-06-04 06:46:43'),
(41, 'cmc.burdubai@gmail.com', '$2y$10$yi.cZs4nX/TD6XP6EfSpPufFMYbWM3nFd0aattK1/XT9RMg235yg2', 'Sagar Sikka (Dr.)', '0502974497', 112, 'Clover Medical Centre LLC', 4, 1, '', 0, '0000-00-00 00:00:00', 22, '2018-08-31 06:52:52'),
(42, 'sagi@commerce-connect.net', '$2y$10$atG1eAEyu7AqMqAwQk20nefKiV6ssmAPUqUcA6c.qfg5MqX/nxPdO', 'Sagarika Sahoo', '0503474008', 113, 'Commerce Connect', 3, 0, '', 0, '0000-00-00 00:00:00', 22, '2020-02-09 22:10:18'),
(43, 'Sgltrading159@gmail.com', '$2y$10$jRjk2j9GxQ1D7MJm3QQqDO/U9CNTCx6Zd5z4BXZlDLJqLHZHlvjbW', 'Harsh Shripal Jain', '0561566633', 114, 'Shubra Garments & Lux Trading', 4, 0, '', 0, '0000-00-00 00:00:00', 22, '2019-09-15 09:23:12'),
(44, 'svsuku@gmail.com', '$2y$10$Cko9BNOfZB9AObJTPsnewOyYIm5ipDj2fjPfsWFQTCbT4JxQqN53O', 'Suku Sudhakaran', '0507676165', 115, 'QualitAir & Sea', 2, 0, '', 0, '0000-00-00 00:00:00', 22, '2018-12-17 05:53:44'),
(45, 'vk@kb4east.com', '$2y$10$XLDHxJM.Dj8LljAD0fKXnuBDZdjQR/kJHf9ySg.cRAA5vqPGLbJvC', 'Vit Kodousek', '0529489811', 116, 'KB4 East FZ LLC', 2, 0, '', 0, '0000-00-00 00:00:00', NULL, NULL),
(46, 'Abhishek@abhishekmathur.com', '$2y$10$r6VFBXRya8JoOSu7JDl39OoqMO/gDis9tDoBvFzsFHDcPbEh5NLhe', 'Abhishek Mathur', '0506403255', 113, 'The Totem Spot', 4, 1, '', 22, '2017-10-29 06:53:21', 22, '2018-10-31 14:59:38'),
(48, 'asma@iml-es.com', '$2y$10$ZD8smUvgrn9D1bBZ0mVOKu9DMP1Uz/CaGvIsaDj0tCR6YHj8W8myq', 'Asma Khan', '0526162074', 127, 'IML EMPLOYMENT SERVICES', 4, 1, 'Business Development Executive', 22, '2017-11-06 07:33:05', 22, '2019-09-01 01:31:58'),
(49, 'Sgltrading159@gmail.com', '$2y$10$SVU0xw1KaXTFSGdD8lwoWe5tAZPIHiPUoXw8Etfcw0pbE0b6wpvzy', 'Harsh Shripal', '0561566633', 337, 'Sadaf Tauqir', 4, 1, 'CEO', 22, '2017-11-20 09:27:18', 22, '2019-09-15 09:22:31'),
(50, 'info@press2perfect.com', '$2y$10$Yh0t4q384LqVvvypcJofLOqPE3N4.53SUrMBeGuvQFmlaj43mtbe.', 'Tarun Moorjani', '0526401250', 120, 'Press 2 Perfect Dry Cleaners Middle East ', 4, 1, 'CEO', 22, '2017-11-22 12:28:20', 22, '2018-08-31 06:52:21'),
(51, 'zaib@shadaniconsulting.com', '$2y$10$fXUXQs7hQDXmVsy9TQIjLuHg/x3VR8zEKSzbeJ99P2tVC30eUOZS2', 'Zaib Shadani', '0509116138', 64, 'Shadani Consulting', 4, 1, 'CEO', 22, '2018-03-16 10:40:01', 22, '2018-08-31 06:53:12'),
(52, 'albert@darceyflowers.ae', '$2y$10$/tNNfsltbp1DGSlZrGAi0./p.tF12RMrGD.qBvSokFVqQtc1XOw1C', 'Albert Tranquilino', '0559998388', 353, 'Darcey Flowers', 4, 0, '', 22, '2018-03-16 10:42:51', 22, '2019-11-17 03:52:19'),
(53, 'daniel@universalfitness.ae', '$2y$10$d8nMcUSmcWJmfrAoWjPAIOkEd1UoLhUDDbzGjH3SPC5jKgWUhqYk6', 'Daniel Lengweng', '0529917006', 33, 'Universal Fitness', 4, 1, 'Corporate Wellness Coach', 22, '2018-04-22 18:11:35', 22, '2019-09-01 01:32:18'),
(54, 's.akthar@straxecute.com', '$2y$10$0UU7tqsOYXbQN3pHQaGqwusLB6BJ7NNxFClFJwWPZRm.htJyjrnUy', 'Shahzad Akthar', '0525167220', 18, 'Straxecute', 4, 1, 'Owner', 22, '2018-04-23 13:35:49', 22, '2018-08-31 06:52:10'),
(55, 'Rahul@classicproperties.ae', '$2y$10$Rfp5BSJmw8INZQPkZ.Y0F.n2XL/QGgWq.0Lox9SK0G4ftQcNzRAYG', 'Rahul Bhattad', '0553777123', 161, 'Classic Properties', 4, 0, 'Owner', 22, '2018-07-02 15:29:46', NULL, NULL),
(56, 'Krista@digitalfarm.ae', '$2y$10$qgjpt9pgpIfrE2KtzN0nDetmhUxqtz/DoUziXLFjmooKGJ.itKSwm', 'Krista Coyle', '0568236632', 117, 'Digital Farm', 4, 1, 'Business Development Manager', 22, '2018-11-12 08:16:09', 22, '2019-09-01 01:31:53'),
(57, 'Vigil.powell@axon.ae', '$2y$10$muCfJA7LA/MNuoCqDUFkZORooXh5tCrtiTQb.r5PvoCa.0U55Ivd.', 'Vigil Powell', '0554721246', 69, 'Axon Signage', 4, 0, 'Managing Director', 22, '2018-11-26 03:59:46', NULL, NULL),
(58, 'ak@apexmedicalclinics.com', '$2y$10$RT3acOvyot.XGR/u0tQbduR48CchzF9xxnYYnDpubNldBiMB1KGsq', 'Ajoy Kane', '0555580968', 112, 'Apex Clinic', 2, 0, 'Co-owner', 22, '2018-11-28 13:01:43', 22, '2019-10-04 07:28:39'),
(59, 'Amreen@pixelsproductionstudio.ae', '$2y$10$NzkIBu313VyNbJKIrqXMyOvJJ1YkCltS66HGSnCW65Sc2iABdOgbe', 'Amreen Khan', '0503455253', 62, 'Pixels Production Studio', 4, 0, 'Owner', 22, '2019-01-21 08:59:41', NULL, NULL),
(60, 'Nawroz@banke.ae', '$2y$10$nBeQYeh5UmRTPI0vmrwEFuC0TuqILT//ppBb9N8ArOWSl3dTbMx6e', 'Nawroz Mamdani', '0556120796', 101, 'Banke International ', 4, 0, '', 22, '2019-04-02 01:56:49', 22, '2019-09-01 01:31:30'),
(61, 'arango@whitehallconsulting.com', '$2y$10$Lf9Y7pESItb1359Mz6I3.ucmLuTNeYfm7/rc42iFvH8pbaHiY.HFa', 'Luis Felipe Arango', '0521977119', 155, 'Whitehall & Company', 4, 0, 'Managing Partner', 22, '2019-09-19 08:31:01', NULL, NULL),
(63, 'bianca.gracias@suitsadvisors.com', '$2y$10$oOuKCN4wGtOXSB.QLttHaud6tNfzmx5BNHNPnnQC6zO6vjkOPnPV2', 'Bianca Gracias', '0508704730', 2, 'Suits &  Advisors', 4, 0, '', 58, '2020-01-20 06:48:47', NULL, NULL),
(64, 'sangeeta@dmsapiens.com', '$2y$10$D2hYnux7F3azGRiBPxiw8eEhI32TP2fDo6/kZ.viUk3EZwivjsaoS', 'Sangeeta Butaney', '0507867884', 3, 'Digital Media Sapiens', 4, 0, '', 58, '2020-01-20 06:51:26', NULL, NULL),
(65, 'govind@belfast-uae.com', '$2y$10$6CW4MesmxTSdyKkT1SJa1udHaNDZeM9sY/DK2kQvujQacdpSYKByy', 'Govind Katara', '0558856983', 118, 'Belfast Trading ', 4, 0, 'Managing Director', 58, '2020-01-25 02:14:29', NULL, NULL),
(66, 'info@orangeauto.ae', '$2y$10$c43NPtzqV9NRUIW.LkuCCeY0slbw6MreKQXVLZQm7DOok7caifmDq', 'Hamid Moaref', '0529059699', 598, 'Orange Auto', 4, 0, 'CEO', 22, '2020-01-27 02:27:47', NULL, NULL),
(67, 'ykrasnova@insurewithpetra.com', '$2y$10$Xmb1f8VefEXISY8hGTwX7O7XfF2Z5SCv3NmE4B1xRo/Vjjakn5oR.', 'Yulia Krasnova', '0506986594', 599, 'Petra Insurance Brokers', 4, 0, 'Insurance Broker ', 58, '2020-01-27 06:35:44', NULL, NULL);

--
-- Indexes for dumped tables
--

--
-- Indexes for table `chapter_dates`
--
ALTER TABLE `chapter_dates`
  ADD PRIMARY KEY (`cahpter_date_id`);

--
-- Indexes for table `tbl_categories`
--
ALTER TABLE `tbl_categories`
  ADD PRIMARY KEY (`cat_id`);

--
-- Indexes for table `tbl_categories_old`
--
ALTER TABLE `tbl_categories_old`
  ADD PRIMARY KEY (`cat_id`);

--
-- Indexes for table `tbl_chapters`
--
ALTER TABLE `tbl_chapters`
  ADD PRIMARY KEY (`chap_id`);

--
-- Indexes for table `tbl_chapters_admins`
--
ALTER TABLE `tbl_chapters_admins`
  ADD PRIMARY KEY (`ch_ad_id`);

--
-- Indexes for table `tbl_holidays`
--
ALTER TABLE `tbl_holidays`
  ADD PRIMARY KEY (`id`);

--
-- Indexes for table `tbl_invitations`
--
ALTER TABLE `tbl_invitations`
  ADD PRIMARY KEY (`inv_id`);

--
-- Indexes for table `tbl_items`
--
ALTER TABLE `tbl_items`
  ADD PRIMARY KEY (`itemId`);

--
-- Indexes for table `tbl_reset_password`
--
ALTER TABLE `tbl_reset_password`
  ADD PRIMARY KEY (`id`);

--
-- Indexes for table `tbl_roles`
--
ALTER TABLE `tbl_roles`
  ADD PRIMARY KEY (`roleId`);

--
-- Indexes for table `tbl_users`
--
ALTER TABLE `tbl_users`
  ADD PRIMARY KEY (`userId`);

--
-- AUTO_INCREMENT for dumped tables
--

--
-- AUTO_INCREMENT for table `chapter_dates`
--
ALTER TABLE `chapter_dates`
  MODIFY `cahpter_date_id` int(11) NOT NULL AUTO_INCREMENT, AUTO_INCREMENT=3566;

--
-- AUTO_INCREMENT for table `tbl_categories`
--
ALTER TABLE `tbl_categories`
  MODIFY `cat_id` int(11) NOT NULL AUTO_INCREMENT, AUTO_INCREMENT=617;

--
-- AUTO_INCREMENT for table `tbl_categories_old`
--
ALTER TABLE `tbl_categories_old`
  MODIFY `cat_id` int(11) NOT NULL AUTO_INCREMENT, AUTO_INCREMENT=356;

--
-- AUTO_INCREMENT for table `tbl_chapters`
--
ALTER TABLE `tbl_chapters`
  MODIFY `chap_id` int(11) NOT NULL AUTO_INCREMENT, AUTO_INCREMENT=8;

--
-- AUTO_INCREMENT for table `tbl_chapters_admins`
--
ALTER TABLE `tbl_chapters_admins`
  MODIFY `ch_ad_id` int(11) NOT NULL AUTO_INCREMENT, AUTO_INCREMENT=76;

--
-- AUTO_INCREMENT for table `tbl_holidays`
--
ALTER TABLE `tbl_holidays`
  MODIFY `id` int(11) NOT NULL AUTO_INCREMENT, AUTO_INCREMENT=14;

--
-- AUTO_INCREMENT for table `tbl_invitations`
--
ALTER TABLE `tbl_invitations`
  MODIFY `inv_id` int(11) NOT NULL AUTO_INCREMENT, AUTO_INCREMENT=1107;

--
-- AUTO_INCREMENT for table `tbl_items`
--
ALTER TABLE `tbl_items`
  MODIFY `itemId` int(11) NOT NULL AUTO_INCREMENT, AUTO_INCREMENT=3;

--
-- AUTO_INCREMENT for table `tbl_reset_password`
--
ALTER TABLE `tbl_reset_password`
  MODIFY `id` bigint(20) NOT NULL AUTO_INCREMENT, AUTO_INCREMENT=2;

--
-- AUTO_INCREMENT for table `tbl_roles`
--
ALTER TABLE `tbl_roles`
  MODIFY `roleId` tinyint(4) NOT NULL AUTO_INCREMENT COMMENT 'role id', AUTO_INCREMENT=5;

--
-- AUTO_INCREMENT for table `tbl_users`
--
ALTER TABLE `tbl_users`
  MODIFY `userId` int(11) NOT NULL AUTO_INCREMENT, AUTO_INCREMENT=68;
COMMIT;

/*!40101 SET CHARACTER_SET_CLIENT=@OLD_CHARACTER_SET_CLIENT */;
/*!40101 SET CHARACTER_SET_RESULTS=@OLD_CHARACTER_SET_RESULTS */;
/*!40101 SET COLLATION_CONNECTION=@OLD_COLLATION_CONNECTION */;
